4030
care 7 11 24 61 84 92 94 102 130 131 137 206 216 218 276 279 352 353 434 435 436 441 528 596 773 774 1059 1191 1356 1357 1520 1552 1737
lats 2 4 6 13 40 41 43 51 63 74 75 95 105 143 144 145 188 189 223 234 236 237 246 262 297 382 661 690 953 1138 1255 2616 2853
bats 1 4 6 13 20 30 31 32 33 40 41 51 63 95 124 126 128 165 166 170 223 246 262 297 341 342 343 661 1048 1138 1186 1719
dins 5 22 39 42 44 54 57 65 66 70 100 118 134 138 177 180 183 220 283 340 357 358 420 447 465 760 788 789 916 917 1756 1757
pats 1 2 6 13 27 40 41 49 51 63 83 85 95 114 149 151 190 193 195 223 246 262 297 314 396 397 398 488 661 1138 1652 2884
pins 3 22 42 44 54 57 65 66 83 85 86 115 118 138 150 152 153 183 340 420 465 494 592 760 843 845 985 986 1131 1132 1286 1456
tats 1 2 4 10 13 28 29 40 41 51 55 63 89 95 122 161 204 205 207 223 246 260 262 297 510 624 625 661 1138 1158 1314 1315
core 0 8 19 47 106 133 154 160 173 217 334 348 365 438 439 440 441 529 531 653 779 803 910 1059 1064 1065 1180 1191 1253 1562 1745
dore 7 19 47 99 106 154 160 179 218 334 348 359 365 448 449 451 538 660 803 915 920 921 922 1180 1204 1205 1253 1570 1574 1761 2565
line 39 44 53 64 79 93 142 152 162 187 225 263 304 307 385 386 388 568 571 582 693 694 695 696 777 887 960 961 1257 1623 1800
taps 6 27 28 29 34 55 58 71 73 74 109 122 126 155 158 161 185 204 205 212 310 337 412 624 886 1157 1158 1314 1315 1503 2290
cars 0 20 25 29 34 49 62 95 143 171 173 277 278 351 352 353 354 369 433 435 442 528 630 774 812 1072 1126 1356 1357 1737
mags 13 21 25 28 30 43 50 78 80 87 103 108 109 123 146 148 228 232 239 240 284 394 473 482 519 700 822 1044 1259 2867
mats 1 2 4 6 12 14 25 40 41 51 63 77 78 95 108 109 146 148 223 239 246 262 297 473 580 661 1115 1138 1259 1636
mots 13 15 26 33 45 46 48 80 89 97 111 112 113 119 135 141 189 193 202 244 245 335 381 393 577 580 701 713 1644 1645
mows 14 23 26 35 45 46 48 59 80 101 111 112 113 120 148 169 194 233 238 244 245 312 336 339 407 577 701 969 1030 2003
pees 17 18 38 56 76 90 127 136 150 151 182 315 380 491 492 588 589 591 755 776 843 982 983 1045 1129 1130 1282 1283 1461 1829
rees 16 18 38 56 76 90 117 127 136 182 196 380 403 597 598 728 731 755 776 997 1005 1045 1139 1297 1301 1465 1466 1659 1843 2676
sees 16 17 38 56 76 90 127 136 182 198 199 380 610 611 613 622 736 755 776 862 1009 1010 1045 1302 1474 1475 1476 1478 1672 3159
tore 7 8 47 106 154 160 206 209 210 328 329 334 348 365 413 509 749 751 803 874 875 876 1163 1180 1253 1320 1501 1504 1881 2297
bars 2 11 25 29 30 31 32 49 62 92 124 126 143 213 271 275 341 342 343 369 630 812 892 1048 1072 1126 1529 1718 2114
dags 12 28 30 36 37 43 50 70 71 87 98 103 123 175 176 178 228 232 283 284 394 519 535 540 1044 1200 1370 1564 3253
fins 3 5 42 44 54 57 65 66 118 138 183 225 285 286 287 340 363 366 420 456 465 543 666 760 932 933 1212 1383 1384
hows 15 35 59 101 120 140 141 169 186 194 230 231 233 238 291 295 312 336 339 378 407 557 683 944 1030 1407 1975 2196 3074
mare 0 25 47 61 77 84 92 102 107 137 147 206 218 242 308 476 572 573 574 596 822 824 828 1114 1119 1260 1520 1633 2431
mars 11 12 13 20 24 29 49 62 78 108 109 143 146 148 239 245 369 473 476 574 630 812 831 1072 1114 1126 1259 1260 2431
mods 14 15 45 46 48 80 111 112 113 129 132 146 244 245 261 389 400 409 502 557 577 671 701 711 826 972 974 1043 3112
paps 4 10 34 49 71 73 74 83 109 114 126 149 153 155 158 185 190 192 212 310 314 337 396 397 488 589 594 886 2657
tags 6 10 12 21 29 30 43 50 55 87 103 122 123 161 204 205 208 228 232 284 394 519 624 627 753 1044 1158 1314 1315
tars 6 10 11 20 25 28 49 55 62 122 143 161 204 205 206 210 369 624 630 812 1021 1022 1072 1126 1158 1314 1315 1871 2291
bags 2 12 20 21 28 31 32 43 50 87 103 123 124 126 167 228 232 274 284 341 342 343 346 394 519 646 1044 1048
bans 2 20 30 32 55 60 66 67 70 83 91 108 124 126 157 272 285 341 342 343 351 521 643 644 754 836 1048 2763
bays 2 20 30 31 37 75 78 104 124 126 149 164 171 197 229 252 298 341 342 343 362 379 431 484 520 1048 1533 1551
bots 2 14 89 97 119 128 129 135 141 166 167 168 169 170 189 193 202 215 335 347 349 381 431 713 766 1542 1726 1727
caps 10 11 27 69 71 73 74 95 109 126 155 158 171 185 212 277 278 310 337 351 354 433 434 886 1199 1554 3010 3011
cows 15 23 59 68 69 96 97 101 120 132 169 172 173 174 194 233 238 280 281 312 336 339 354 407 532 1030 1932 1933
daws 21 37 70 71 98 101 114 122 145 148 175 176 254 267 291 338 354 498 535 559 631 785 1200 1370 1564 1566 2560 2782
days 21 32 36 70 71 75 78 98 104 149 164 171 175 176 197 229 252 298 362 379 484 520 535 1200 1370 1564 1753 3688
dees 16 17 18 56 76 90 127 136 177 182 221 357 380 446 536 659 755 776 784 785 924 1045 1069 1371 1373 1753 2140 2360
dine 3 9 53 64 79 93 99 152 162 187 225 263 358 359 360 582 656 777 787 790 887 914 916 917 918 1203 1757 2371
gats 1 2 4 6 13 41 51 63 72 73 95 103 104 223 226 227 246 262 288 297 369 370 458 546 661 667 674 1138
hats 1 2 4 6 13 40 51 63 95 141 185 223 228 229 246 262 291 292 294 297 374 376 558 661 676 1138 1783 1785
kins 3 5 22 44 54 57 65 66 118 138 183 187 299 340 420 465 467 468 688 760 1104 1252 1421 1422 1423 1613 1614 1985
lags 1 12 21 28 30 50 74 75 87 103 105 123 143 145 188 228 232 234 284 306 382 394 519 566 690 820 953 1044
lins 3 5 9 22 42 54 57 65 66 118 138 183 237 303 340 386 387 420 465 567 694 695 760 957 959 960 1257 1800
mons 14 15 26 46 48 68 80 88 100 108 111 112 113 115 140 200 244 245 268 287 577 701 708 1641 1764 1790 2002 2637
mops 14 15 26 45 48 58 69 80 109 111 112 113 186 192 201 244 245 347 392 472 563 577 639 701 706 796 1450 2638
more 7 8 19 24 81 106 154 160 242 245 334 348 365 393 578 702 706 803 828 972 973 1118 1119 1180 1253 1262 1264 2234
moss 14 15 26 45 46 80 111 112 113 174 239 244 245 349 414 450 576 577 579 698 701 707 936 947 968 1254 1263 2435
pars 4 11 20 25 27 29 62 83 84 114 143 149 190 314 369 396 397 488 584 585 630 812 849 981 1072 1126 2013 2242
rags 12 21 28 30 43 51 87 103 123 155 228 232 251 252 284 394 403 405 496 498 519 595 603 1044 1462 2030 2031 2900
rats 1 2 4 6 13 40 41 50 63 95 116 117 119 155 223 246 251 252 262 297 496 498 605 661 1138 1462 1658 2903
sane 53 91 131 142 147 156 157 211 222 247 253 323 324 368 505 606 607 609 734 949 1008 1025 1246 1471 1668 1673 2039 2066
sine 9 39 52 54 64 79 93 152 162 187 225 263 503 505 582 615 616 617 618 737 777 887 1148 1307 1673 2066 2272 2693
sins 3 5 22 42 44 53 57 65 66 118 138 157 183 200 203 257 326 340 420 465 614 617 760 1012 1148 1482 1675 2693
tans 6 10 28 29 31 57 60 70 83 88 108 122 157 161 204 205 258 285 330 351 624 754 836 1020 1158 1314 1315 1497
tees 16 17 18 38 76 90 127 136 163 182 207 258 380 627 744 745 747 755 776 870 871 872 1024 1045 1316 1696 1873 2067
tins 3 5 22 42 44 54 55 65 66 88 118 138 162 183 258 260 330 340 412 420 465 760 872 1160 1317 1693 1877 2295
tops 10 46 59 69 88 89 163 186 192 201 208 210 261 347 412 414 472 509 563 629 639 752 796 1450 1503 2495 2714 2942
tows 15 23 35 58 88 89 101 120 122 163 169 194 208 210 233 238 261 312 336 339 407 414 629 752 871 1030 2299 2715
wans 31 55 62 63 65 70 83 108 123 157 164 211 212 264 267 268 285 351 512 516 634 754 836 1031 1032 1327 1511 2744
ware 0 24 62 84 92 102 137 206 211 218 265 266 331 334 513 518 596 632 635 756 880 881 1033 1326 1520 1701 1702 1891
wars 11 20 25 29 49 60 61 63 123 143 164 212 264 266 267 331 369 512 630 635 812 881 1031 1033 1072 1126 1701 1702
wats 1 2 4 6 13 40 41 51 60 62 95 123 164 212 223 246 262 264 267 297 335 419 512 636 661 1031 1138 2506
wine 9 39 53 65 79 93 152 162 187 211 225 263 417 418 517 518 582 758 759 777 887 1040 1041 1330 1515 1516 1893 1894
wins 3 5 22 42 44 54 57 60 64 66 118 138 183 268 340 419 420 465 516 517 760 1039 1040 1330 1515 1517 1894 2744
bins 3 5 22 31 42 44 54 57 65 67 93 118 128 138 183 272 340 345 346 420 465 648 760 1188 1534 1721 2117
buns 31 66 86 170 180 203 272 274 275 296 330 350 366 432 525 526 604 673 708 771 772 902 1447 1549 1551 1733 2344
cons 35 45 69 88 96 97 100 115 132 133 140 172 173 174 200 268 280 281 287 351 532 909 1195 1764 1790 2350 2778
cops 34 35 46 58 68 96 97 132 172 173 174 186 192 201 280 281 347 439 472 532 563 639 796 1199 1450 1554 1561
dans 3 21 31 36 37 55 60 71 83 98 100 108 157 175 176 177 180 285 351 535 754 836 912 1200 1201 1370 1564
daps 10 21 27 34 36 37 70 73 74 98 109 126 155 158 175 176 185 212 220 310 337 535 886 1200 1207 1370 1564
gams 40 73 98 103 104 105 161 226 251 278 288 289 342 369 374 397 546 667 945 1082 1178 1235 1591 2172 2173 2590 3301
gaps 10 27 34 40 71 72 74 103 104 109 126 155 158 185 212 226 288 310 337 369 460 546 667 886 1225 3290 3302
laps 1 10 27 34 43 71 73 75 105 109 126 143 145 155 158 185 188 212 234 310 337 382 387 472 690 886 953
lays 1 32 37 43 74 78 104 105 143 145 149 164 171 188 197 229 234 252 298 362 379 382 484 520 690 953 1621
lees 16 17 18 38 56 90 127 136 182 236 303 380 470 566 567 755 776 956 1045 1426 1427 1435 1621 1630 1797 1798 1989
mate 13 24 94 107 116 144 147 165 243 308 324 361 376 393 398 443 458 572 573 625 822 824 1115 1439 1443 1633 1636
mays 12 13 25 32 37 75 104 108 109 146 148 149 164 171 197 229 239 252 298 362 379 473 484 520 1259 2631 3106
mine 9 39 53 64 93 147 152 162 187 225 241 242 243 263 391 479 582 777 830 887 971 1117 1261 1440 1639 2232 2634
mogs 12 14 15 26 45 46 48 111 112 113 167 178 208 240 244 245 280 295 306 457 482 560 577 583 638 700 701
mole 47 107 112 139 179 191 209 217 241 321 393 428 481 504 578 702 703 706 834 972 1264 1325 1442 1611 1816 1817 2234
pale 84 107 121 125 156 184 191 247 250 265 314 367 398 486 487 534 720 840 841 991 1168 1412 1452 2012 2014 2241 2656
pans 4 5 27 31 49 55 60 70 86 108 114 115 149 150 157 190 247 285 314 351 396 397 488 754 836 839 1453
pare 0 24 49 61 82 92 102 137 154 206 218 247 398 486 584 585 590 596 840 841 981 994 1452 1520 2013 2028 2242
pits 4 5 128 134 151 153 193 195 227 237 257 260 269 294 299 363 419 485 494 843 889 986 1131 1456 2016 2248 2447
puns 5 67 83 115 150 180 195 203 296 330 366 401 594 604 673 708 723 847 849 850 992 993 1136 1137 1294 1447 2456
sags 12 21 28 30 43 50 103 123 157 158 197 228 232 254 284 322 394 519 607 608 736 1044 1142 1144 2908 2909 3153
tons 45 55 57 58 59 68 89 100 115 140 163 200 208 210 258 261 268 287 328 330 414 629 752 1499 1694 1764 1790
tots 6 14 33 58 59 88 97 119 135 141 163 189 193 202 207 208 210 260 261 335 381 414 510 629 713 752 1320
wees 16 17 18 38 56 76 127 136 182 380 514 515 516 636 637 755 776 1031 1035 1036 1045 1173 1174 1175 1333 1512 2508
bane 31 52 92 93 125 131 142 147 165 211 222 247 368 429 521 641 642 643 644 645 949 1025 1246 1343 1908 2763
bare 0 20 24 61 84 91 102 125 137 165 206 213 218 271 348 596 641 642 645 892 1343 1520 1529 1718 2114 2125
bine 9 39 53 64 66 79 91 152 162 187 225 263 273 427 429 582 649 777 887 896 897 1188 1347 1534 1908 2334
cate 0 77 95 116 130 131 144 165 216 276 279 324 361 376 398 434 436 443 458 531 625 773 778 1552 1563 1738
cats 1 2 4 6 11 13 34 40 41 51 63 94 97 171 223 246 262 277 278 297 351 354 433 533 661 1138
cobs 35 68 69 97 111 132 159 172 173 174 215 230 280 281 305 311 320 364 372 433 466 532 562 654 1042 3679
cots 14 33 35 68 69 89 95 96 119 132 135 141 172 173 174 189 193 202 280 281 335 381 531 532 533 713
dams 21 36 37 70 71 72 105 161 175 176 251 278 342 356 374 397 535 657 788 945 1178 1200 1370 1564 1750 3019
done 8 39 100 133 179 307 316 328 429 448 449 451 464 505 712 790 914 921 922 1230 1377 1522 1570 1574 2371 2790
dons 3 45 68 70 88 99 101 115 135 140 177 178 180 200 221 268 287 450 537 538 657 1377 1569 1764 1790 2790
dows 15 23 35 36 59 100 120 135 169 178 194 221 233 238 312 336 339 407 450 537 538 657 785 1030 1569 2566
fare 0 24 61 84 92 137 206 218 222 361 365 454 455 541 544 596 663 792 927 1073 1074 1380 1382 1520 1951 2376
gags 12 21 28 30 40 43 50 72 73 87 104 123 226 228 232 284 288 369 394 519 546 548 667 1044 1080 2588
gays 32 37 40 72 73 75 78 103 149 164 171 197 226 229 252 288 298 362 369 379 484 520 546 667 1232 2394
lams 1 43 72 74 75 98 143 145 161 188 234 235 251 278 342 374 382 397 690 945 953 1178 1425 1632 2214 2421
lore 7 8 19 47 154 160 307 334 348 365 388 697 803 818 964 965 1110 1111 1180 1253 1430 1624 1626 1805 2227 2427
male 24 77 81 82 121 125 147 156 184 241 250 265 308 367 475 534 572 573 822 824 1168 1412 1633 1634 1817 2429
mans 12 13 25 31 45 55 60 70 78 83 109 146 147 148 157 239 285 351 473 708 754 836 1259 1635 2229 2430
maps 10 12 13 25 27 34 46 71 73 74 78 108 126 146 148 155 158 185 212 239 310 337 392 473 886 1259
mill 181 214 219 241 248 256 259 293 333 371 390 475 478 480 501 511 561 687 703 709 885 1046 1265 1638 1814 1815
mobs 14 15 26 45 46 48 80 96 112 113 159 215 230 244 245 305 311 320 364 372 466 562 577 701 829 1042
mols 14 15 26 45 46 48 80 81 111 113 244 245 281 378 410 480 481 537 577 593 701 703 827 834 1442 1816
moos 14 15 26 45 46 48 80 111 112 168 172 244 245 249 570 577 701 704 705 802 884 1642 1643 2320 2434 3764
paws 4 27 36 49 83 122 145 148 149 190 194 254 267 291 314 338 354 396 397 488 498 559 591 631 2243 2658
pons 5 45 68 83 86 88 100 140 150 192 193 194 200 249 268 287 316 400 593 722 1133 1289 1764 1790 1834 2253
rate 51 77 94 144 165 250 317 319 324 361 376 398 402 406 443 458 497 595 596 625 725 727 996 1658 2259 2903
rets 17 51 119 151 166 196 199 207 224 236 292 370 403 581 598 605 636 686 728 997 1139 1169 1297 1466 1843 2259
rins 3 5 22 42 44 54 57 65 66 138 183 318 340 405 420 465 500 599 601 604 760 857 1467 1468 1660 1844
rots 14 33 51 89 97 117 135 141 189 193 202 320 335 381 406 407 502 605 713 731 859 2034 2037 2680 2681 2907
sows 15 23 35 59 101 159 169 194 200 201 202 233 238 254 312 336 339 407 409 410 613 620 741 1030 1153 2052
tale 82 107 125 156 184 206 209 250 265 367 506 507 508 534 625 628 1017 1157 1168 1412 1689 1870 2076 2293 2933 3181
taws 6 10 28 29 36 55 59 114 145 148 161 204 205 254 267 291 338 354 498 559 624 631 871 1158 1314 1315
wags 12 21 28 30 43 50 60 62 63 87 103 164 212 228 232 264 267 284 394 512 519 638 1031 1039 1044 1326
bads 2 20 30 31 32 126 129 146 176 188 190 205 226 264 277 341 342 343 345 453 496 523 525 641 1048
bale 82 91 92 107 121 156 165 184 250 265 270 341 367 428 534 641 642 645 649 1168 1184 1343 1412 1717 1907
baps 2 10 20 27 30 31 32 34 71 73 74 109 124 155 158 185 212 310 337 341 342 343 347 886 1048
bees 16 17 18 38 56 76 90 136 166 182 272 380 523 646 755 776 893 895 1045 1187 1346 1531 1533 1735 2533
bits 2 33 66 85 134 166 170 227 237 257 260 269 273 294 299 345 346 363 419 485 648 889 1721 2117 2536
bods 26 33 124 132 167 168 169 215 261 345 347 349 400 409 431 502 523 525 557 671 711 766 1043 1537 2766
came 0 94 131 216 235 276 278 279 289 323 356 434 436 438 454 462 508 773 880 1268 1413 1552 1553 3009 3250
cane 0 52 91 94 130 133 142 147 211 216 222 247 276 279 351 368 434 436 773 777 949 1025 1246 1552 1922
cods 26 35 68 69 96 97 129 172 173 174 261 277 280 281 400 409 502 532 557 671 711 779 1043 1066 2552
cone 7 68 99 131 217 307 316 328 429 438 439 464 505 529 531 712 777 779 909 1065 1195 1230 1522 2350 2778
dits 3 85 128 135 220 227 237 257 260 269 283 294 299 357 360 363 419 447 485 788 789 889 1756 2563 3259
dots 14 33 89 97 100 101 119 134 141 178 189 193 202 221 335 381 450 451 537 538 657 713 1569 1940 2366
fees 16 17 18 38 56 76 90 127 182 224 286 380 542 664 755 776 935 1045 1077 1210 1211 1580 2159 2162 3277
hare 0 24 61 84 92 102 184 206 218 375 376 461 462 549 550 596 678 679 804 943 1236 1402 1520 1599 1969
hins 3 5 22 42 44 54 57 65 66 118 140 183 294 296 340 420 463 465 554 760 1087 1242 1401 1606 1972
hole 81 179 184 191 209 217 321 378 428 464 504 681 682 806 807 809 1090 1244 1325 1405 1407 1611 1787 2192 2193
hons 23 45 68 88 100 115 138 141 186 200 230 231 268 287 295 296 378 464 554 557 683 1089 1404 1764 1790
hots 14 23 33 41 89 97 119 135 140 186 189 193 202 230 231 292 294 295 335 378 381 557 558 683 713
lane 9 52 91 131 144 147 211 222 235 247 300 301 307 368 469 564 565 571 815 949 1025 1105 1107 1246 1619
lars 1 11 20 25 29 43 49 62 74 75 105 145 188 234 369 382 630 690 812 952 953 1072 1106 1126 2852
late 1 77 94 116 142 165 235 300 301 304 324 361 376 398 443 458 469 564 565 625 1107 1255 1258 2616 2853
laws 1 36 43 74 75 105 114 122 143 148 188 234 238 254 267 291 338 354 382 498 559 631 690 953 2216
mads 12 13 25 26 78 108 109 124 148 176 188 190 205 226 239 264 277 389 453 473 496 573 826 974 1259
mane 24 52 77 79 91 107 108 131 142 211 222 247 308 368 572 573 822 824 949 1025 1246 1633 1635 2229 2430
maws 12 13 15 25 36 78 108 109 114 122 145 146 239 254 267 291 338 354 473 498 559 631 969 1259 1997
pays 4 27 32 37 49 75 78 83 104 114 164 171 190 197 229 252 298 314 362 379 396 397 484 488 520
pens 5 16 83 86 115 151 177 258 272 286 303 315 399 459 491 516 554 588 589 591 688 1129 1336 1455 1829
pets 4 16 85 117 150 166 193 195 199 207 224 236 292 315 370 491 581 588 589 591 636 686 1129 1169 1829
pine 5 9 39 53 64 79 93 162 187 225 247 263 316 582 592 718 720 777 844 845 887 985 1132 1286 1654
pips 5 27 85 192 220 318 326 387 392 412 460 463 468 494 589 594 710 761 843 888 986 1131 1456 1654 2889
pore 7 8 19 47 84 106 160 191 316 334 348 365 590 721 803 987 989 994 1135 1180 1253 1291 1458 1836 2028
raps 10 27 34 50 51 71 73 74 109 126 158 185 212 251 252 310 318 337 496 498 598 727 886 1462 3375
sale 52 82 107 121 125 184 250 253 265 323 324 367 504 534 606 607 608 609 733 1168 1412 1471 2039 2684 2911
sans 31 52 54 55 60 70 83 87 108 158 197 200 203 254 285 322 351 608 734 754 836 1008 1142 1144 1668
saps 10 27 34 71 73 74 87 109 126 155 157 185 197 201 212 254 310 322 326 337 608 868 886 1142 1144
sobs 96 111 120 200 201 202 215 230 305 311 320 322 364 372 409 410 411 466 562 614 620 741 1042 1153 2049
sore 7 8 19 47 106 154 327 334 348 365 504 505 618 803 1015 1146 1150 1152 1180 1253 1311 1490 1683 1688 2699
tams 6 10 28 29 55 72 98 105 122 204 205 251 278 342 374 397 508 624 629 945 1158 1178 1314 1315 1690
tine 9 39 53 57 64 79 93 152 187 225 263 328 582 628 749 777 873 887 1159 1160 1693 1697 1876 1877 2078
toes 56 58 59 88 89 208 210 221 231 261 414 629 637 672 731 752 813 872 935 978 1024 1696 1700 2492 2941
ways 32 37 60 62 63 75 78 104 123 149 171 197 212 229 252 264 267 298 362 379 484 512 520 1031 3961
bate 2 77 91 92 94 116 125 144 273 324 361 376 398 443 458 625 641 642 645 1186 1343 1719 2123 2542
bets 2 33 117 127 128 151 170 199 207 224 236 272 292 370 523 581 636 646 686 895 1169 1533 2116 2534
bogs 30 33 80 129 168 169 178 208 215 274 280 295 306 346 347 349 431 457 560 583 638 646 766 2339
boos 33 113 129 167 169 172 215 249 347 349 430 431 524 570 766 802 884 899 1725 1915 2117 2320 2340 2343
bows 15 23 33 35 59 101 120 129 167 168 194 215 233 238 312 336 339 347 349 407 431 766 1030 2119
buts 2 33 67 128 166 195 274 275 350 432 510 525 533 558 580 605 674 771 980 1249 1278 1551 2123 2124
cays 11 32 34 37 75 78 95 104 149 164 197 229 252 277 278 298 351 354 362 379 433 484 520 532
coos 35 68 69 96 97 113 132 168 173 174 249 280 281 355 530 532 570 652 802 884 1062 1063 1196 2320
cors 7 11 35 68 69 96 97 132 172 174 210 245 280 281 440 442 532 538 653 910 1064 1562 1616 1745
coss 35 48 68 69 96 97 132 172 173 280 281 349 414 450 532 698 781 911 936 947 1254 1363 1746 1924
dabs 21 36 37 70 71 98 176 204 234 288 322 433 447 483 512 535 658 662 811 948 1200 1370 1371 1564
dads 21 36 37 70 71 98 124 146 175 188 190 205 226 264 277 453 496 535 1070 1200 1370 1564 2558 3252
dens 3 38 70 100 150 180 258 272 282 286 303 446 459 516 554 688 785 914 1336 1371 1753 2358 2360 2786
dogs 21 80 100 101 135 167 208 221 280 283 295 306 450 457 537 538 540 560 583 638 657 1569 1570 1571
dole 8 81 99 139 191 209 217 321 428 448 449 451 504 534 537 921 922 1325 1374 1376 1570 1572 1574 1611
duns 3 67 70 86 100 177 203 296 330 366 540 604 658 659 673 708 790 791 923 1070 1206 1207 1447 2796
fill 110 214 219 248 256 259 293 333 371 501 511 561 687 709 795 885 926 930 932 1046 1223 1581 2805 2806
gees 16 17 18 38 56 76 90 127 136 370 380 459 667 668 672 755 776 801 938 939 1045 1591 1770 3294
gins 3 5 22 42 44 54 57 65 66 118 138 227 340 420 459 460 465 548 669 670 673 760 801 1393
hale 82 107 121 125 137 139 156 250 265 367 373 376 461 462 534 550 804 1085 1168 1236 1396 1412 2602 2603
haps 10 27 34 41 71 73 74 109 126 155 158 186 212 228 229 291 310 337 374 463 676 886 1783 2838
hops 23 46 58 69 140 141 185 192 201 230 231 295 347 378 463 472 557 563 639 683 796 809 1450 2838
kine 9 39 42 53 64 79 93 152 162 225 263 467 582 777 887 949 950 1252 1421 1613 1614 1796 2614 2846
lads 1 43 74 75 105 124 143 145 146 176 190 205 226 234 264 277 382 453 469 496 690 953 959 2851
lots 1 14 33 89 97 119 135 141 193 202 236 237 238 305 306 335 381 472 570 698 713 1991 2224 2865
pads 4 27 49 83 114 124 146 149 176 188 205 226 264 277 314 396 397 400 453 488 491 496 723 2654
pole 81 82 139 154 179 209 217 316 321 428 504 593 720 721 987 989 991 1135 1287 1288 1325 1611 2014 2019
pops 27 46 58 69 115 153 186 193 194 201 249 347 400 472 563 589 593 594 639 722 796 989 1450 1834
pots 4 14 33 85 89 97 115 119 135 141 151 189 192 194 195 202 249 335 381 400 593 713 722 1834
pows 15 23 35 59 101 114 115 120 169 192 193 233 238 249 312 336 339 400 407 591 593 722 1030 1834
puts 4 85 86 151 170 193 401 510 533 558 580 594 605 674 723 847 849 850 980 992 1249 1278 3142 3143
reds 17 117 403 491 496 500 502 523 598 664 728 826 870 938 997 1139 1297 1466 1512 1843 1902 2462 2675 3376
says 32 37 75 78 87 104 149 157 158 164 171 229 252 254 298 322 362 379 484 520 608 741 1142 1144
seed 18 492 514 536 542 553 597 668 745 862 966 1009 1010 1097 1271 1302 1475 1477 1492 1672 1674 1858 2055 3165
sets 18 117 151 166 202 207 224 236 257 292 370 581 610 611 613 636 686 736 1169 1474 1476 1478 2265 2470
sons 45 54 68 88 100 115 120 140 157 159 201 202 203 268 287 409 410 505 620 741 1153 1682 1764 1790
sops 46 58 69 120 158 159 186 192 200 202 326 347 409 410 472 563 620 639 741 796 868 1153 1450 2923
sots 14 33 89 97 119 120 135 141 159 189 193 199 200 201 257 335 381 409 410 620 713 741 1153 2479
suns 54 67 86 157 180 200 296 330 366 411 604 622 673 708 742 867 868 1154 1155 1447 1494 2062 2482 3398
tabs 6 10 28 29 55 122 161 175 205 234 288 322 433 483 512 624 662 811 877 948 1158 1314 1315 3612
tads 6 10 28 29 55 122 124 146 161 176 188 190 204 226 261 264 277 453 496 624 870 1158 1314 1315
tare 0 19 24 29 61 84 92 102 121 137 218 506 508 596 625 749 1017 1021 1022 1157 1504 1520 1871 2291
tets 6 56 89 117 151 166 199 224 236 258 260 292 370 510 581 627 636 686 744 747 870 871 1169 3183
togs 28 58 59 80 88 89 163 167 178 210 261 280 295 306 414 457 560 583 627 629 638 752 753 3188
tole 19 81 121 139 179 191 217 321 328 428 504 509 628 874 875 1161 1318 1319 1320 1325 1611 2076 2293 3189
tors 19 29 58 59 88 89 163 173 208 245 261 329 413 414 538 629 751 752 876 1163 1501 1616 1881 2297
wane 52 60 61 64 91 131 142 147 222 247 265 368 513 632 634 756 880 949 1025 1032 1246 1326 1327 1511
waps 10 27 34 60 62 63 71 73 74 109 123 126 155 158 164 185 264 267 310 337 512 639 886 1031
bark 20 92 271 331 353 476 521 549 584 640 782 892 900 1106 1184 1185 1472 1529 1532 1535 1647 1718 2114
bill 110 181 219 248 256 259 270 293 333 371 501 511 561 649 687 709 767 770 885 894 1046 1722 2331
bobs 33 96 111 129 159 167 168 169 230 305 311 320 347 349 350 364 372 431 466 562 648 766 1042
cake 0 94 130 131 253 276 279 300 308 317 434 436 461 506 529 541 642 756 773 1096 1552 2138 2770
cole 7 81 133 139 179 191 209 281 321 428 438 439 504 529 531 779 780 1060 1061 1065 1194 1325 1611
dare 0 8 24 61 84 92 102 137 206 356 359 443 534 596 660 782 913 915 1202 1369 1520 1567 2356
dill 110 181 214 248 256 259 293 333 371 445 501 511 561 687 709 885 1046 1071 1572 1754 1759 2142 3024
dips 3 71 134 153 283 318 326 357 387 392 412 447 460 463 468 710 761 788 789 888 1207 1756 3257
does 38 100 101 135 163 178 231 357 450 537 538 637 657 659 672 731 813 924 935 978 1569 1700 2364
fane 52 91 102 131 142 147 211 225 247 285 361 368 454 455 541 663 792 949 1025 1074 1209 1246 2576
fats 1 2 4 6 13 40 41 51 63 95 224 246 262 284 285 297 361 362 363 453 661 662 1138
fets 117 136 151 166 199 207 223 236 286 292 363 370 581 636 664 686 1077 1169 1580 2159 2161 2162 2577
fine 9 22 39 53 64 79 93 152 162 187 222 263 544 582 777 794 795 887 933 1213 1383 1384 2378
gads 40 72 73 103 104 124 146 176 188 190 205 264 277 288 369 453 496 546 667 670 671 938 2585
gits 40 85 128 134 183 237 257 260 269 294 299 363 370 419 460 485 548 669 670 674 801 889 1228
hags 12 21 28 30 41 43 50 87 103 123 185 229 232 284 291 295 374 394 519 676 685 1044 1783
hays 32 37 41 75 78 104 149 164 171 185 197 228 252 291 298 362 374 379 484 520 676 683 1783
hobs 23 96 111 140 141 159 186 215 231 295 305 311 320 364 372 378 466 557 562 683 1042 1091 3073
hoes 23 140 141 163 186 221 230 295 378 557 637 672 676 683 731 813 935 978 1087 1092 1700 1973 2837
jags 12 21 28 30 43 50 87 103 123 228 284 379 394 519 559 560 811 812 945 946 1044 1100 3741
jows 15 23 35 59 101 120 169 194 238 312 336 339 381 407 466 559 560 813 947 1030 1248 1410 2841
labs 1 43 74 75 105 143 145 175 188 204 288 305 322 382 433 483 512 662 690 811 948 953 957
lame 105 130 142 144 289 300 301 323 356 454 462 469 508 564 565 568 880 1107 1268 1413 1425 2214 2421
lets 1 76 117 151 166 189 199 207 224 237 292 303 370 470 566 581 636 686 956 1169 1621 1798 1989
lits 1 44 85 128 134 189 227 236 257 260 269 294 299 304 363 387 419 485 567 889 957 959 3339
lows 15 23 35 59 101 120 145 169 189 194 233 305 306 312 336 339 407 472 570 698 1030 1626 1627
mass 12 13 25 48 78 108 109 146 148 309 343 382 473 477 488 576 579 624 968 1144 1259 1809 1810
migs 12 80 283 346 389 392 405 456 480 482 494 548 576 700 829 831 946 970 1028 1039 1182 1557 3766
mile 79 81 107 110 242 243 390 417 479 480 600 628 649 720 795 830 1029 1117 1440 1638 1814 1815 1817
mire 24 47 79 241 243 359 388 479 518 544 618 749 828 830 831 1117 1119 1191 1402 1440 1441 2635 2636
mite 77 79 241 242 273 304 319 360 393 418 479 503 778 830 950 977 1117 1228 1439 1440 1443 2000 3110
moms 14 15 26 45 46 48 80 111 112 113 245 577 578 620 629 657 701 722 859 975 1124 1438 3560
mors 14 15 25 26 45 46 47 48 80 111 112 113 173 210 244 538 577 701 831 973 1118 1262 1616
oats 1 2 4 6 13 40 41 51 63 95 223 262 297 661 713 980 1126 1138 2439 2440 2877 2882 3122
pane 52 82 83 84 91 131 142 147 152 211 222 316 368 398 486 839 840 841 949 1025 1246 1452 1453
pill 110 181 214 219 256 259 293 333 371 487 501 511 561 687 709 720 724 885 1046 1287 1653 2444 2888
poos 113 115 168 172 192 193 194 400 495 570 593 722 802 884 988 1134 1290 1457 1834 1835 2024 2320 2451
rale 82 107 116 121 125 156 184 265 317 321 367 402 497 534 595 596 600 725 727 996 1168 1412 1662
rams 50 51 72 98 105 155 161 252 278 342 374 397 496 498 601 728 859 945 1006 1178 1462 1656 2901
rays 32 37 50 51 75 78 104 149 155 164 171 197 229 251 298 362 379 484 496 498 520 1462 3147
sake 52 156 216 300 308 317 323 324 461 506 541 606 607 609 616 642 756 1096 1150 1471 2039 2289 2910
saws 36 87 114 120 122 145 148 157 158 197 267 291 322 338 354 498 559 608 613 631 1142 1144 2040
seat 325 408 426 490 610 612 619 735 869 1016 1076 1145 1156 1237 1313 1436 1444 1473 1857 2265 2266 2469 2914
sill 110 181 214 219 248 259 293 333 371 501 511 561 687 709 733 885 1011 1046 1306 2268 2269 2472 2917
sits 54 85 128 134 199 202 227 237 260 269 294 299 326 363 419 485 503 614 889 1012 1482 1675 2271
tens 55 56 57 88 150 177 207 272 286 303 330 459 516 554 627 688 744 747 748 870 871 1336 1691
till 110 181 214 219 248 256 293 333 371 501 507 511 561 628 687 709 746 885 1046 1161 1317 1692 2711
tits 6 57 85 89 128 134 207 227 237 257 269 294 299 363 412 419 485 510 872 889 1317 2295 3406
tods 26 58 59 88 89 129 132 163 205 208 210 400 409 414 502 557 629 671 711 752 870 1043 2713
vats 1 2 4 6 13 40 41 51 63 95 223 246 297 630 631 661 754 1138 1169 2080 2502 2724 3825
vine 9 39 53 64 79 93 152 162 187 225 582 777 887 1025 1027 1029 1170 1171 1699 1887 2305 2505 2727
wads 60 62 63 123 124 146 164 176 188 190 205 212 226 267 277 453 496 512 632 1031 1512 2309 2310
wale 61 82 107 121 125 156 184 211 250 367 417 513 534 632 756 757 880 1168 1326 1412 2084 2085 3635
wart 61 62 331 375 415 435 574 585 635 881 913 927 1022 1032 1033 1177 1510 1701 1702 1892 2083 2206 2506
waws 36 60 62 63 114 122 123 145 148 164 212 254 264 291 336 338 354 498 512 559 631 1031 2735
wons 45 60 65 68 88 100 115 140 200 287 335 336 516 637 638 639 884 1764 1790 1895 2315 2742 2744
aits 85 128 134 227 237 257 260 294 299 340 363 419 485 762 889 1339 1340 1523 1526 1528 1713 2751
ball 125 214 341 373 475 487 507 527 733 757 764 767 770 894 926 937 1184 1618 1717 1907 2329 3235
bard 20 92 213 352 635 643 678 892 904 952 981 1073 1143 1269 1334 1529 1717 1718 2114 2118 2328 3004
bens 31 66 67 127 150 166 177 258 286 303 344 459 516 523 554 646 688 765 895 1336 1533 1908
bite 93 128 165 243 304 319 360 418 427 503 649 778 896 897 950 977 1228 1347 2123 2334 2536 2542
bugs 30 67 167 170 275 346 350 401 432 482 525 540 545 603 646 685 753 771 820 1100 1508 1551
burs 20 67 170 274 350 432 442 525 651 771 849 903 904 905 1054 1354 1550 1551 1590 1734 1919 2652
cade 0 94 130 131 216 277 279 434 436 469 573 606 632 641 663 773 779 804 1552 1791 2126 2545
cads 11 34 95 124 132 146 171 176 188 190 205 226 264 276 278 351 354 433 453 496 1066 2126
cams 11 34 72 95 98 105 130 161 171 251 277 342 351 354 374 397 433 945 1178 1553 3009 3857
cave 0 94 130 131 216 276 301 402 434 436 455 513 547 550 609 773 841 1065 1122 1552 1763 2773
cogs 35 68 69 80 96 97 132 167 172 173 174 178 208 281 295 306 457 532 560 583 638 1557
cols 35 68 69 96 97 112 132 172 173 174 217 280 378 410 532 537 593 780 1060 1061 1194 1358
dent 177 332 344 383 399 555 612 655 748 784 791 799 814 856 878 914 917 1058 1752 2358 2786 3021
digs 3 21 134 178 220 240 346 357 405 447 456 494 540 548 788 789 946 1028 1039 1182 1557 1756
fags 12 21 28 30 43 50 87 103 123 223 228 232 285 362 394 453 456 457 519 545 662 1044
fans 22 31 55 60 70 83 108 157 222 223 284 286 287 351 362 366 453 662 754 836 1209 2576
fens 22 136 150 177 224 258 272 285 287 303 366 459 516 554 664 688 931 1077 1336 1580 2159 2162
fons 22 45 68 88 100 115 140 200 268 285 286 364 366 457 796 935 936 1221 1764 1767 1790 3043
gabs 40 72 73 103 104 175 204 226 234 322 369 372 433 483 512 546 662 667 669 811 948 3051
game 72 130 235 323 356 367 368 454 458 462 508 547 880 1080 1082 1225 1268 1390 1413 2172 2173 2590
hast 309 375 415 424 437 489 680 691 798 928 942 1085 1086 1208 1243 1323 1406 1650 1966 1967 1970 2834
haws 23 36 41 114 122 145 148 185 228 229 254 267 338 354 374 498 559 631 676 944 1783 2396
hets 41 117 141 151 166 199 207 224 236 294 370 554 558 581 636 686 944 1169 1238 1398 2398 3072
hill 110 181 214 219 248 256 259 333 371 373 377 501 511 561 687 709 885 1046 1088 1093 2836 3304
hits 41 85 128 134 138 141 227 237 257 260 269 292 299 363 419 463 485 558 889 1087 1242 1606
hogs 23 80 140 141 167 178 186 208 228 230 231 280 306 378 457 557 560 583 638 683 685 3526
huns 67 86 138 140 180 203 330 366 554 558 604 673 685 708 810 1091 1092 1094 1095 1408 1447 3076
kats 1 2 4 6 13 40 41 51 63 95 223 246 262 298 299 661 948 1138 1794 2204 2410 2844
kays 32 37 75 78 104 149 164 171 197 229 252 297 362 379 484 520 948 1794 2204 2208 2410 3750
kits 42 85 128 134 227 237 257 260 269 294 297 363 419 468 485 889 950 1104 1422 1423 1985 3097
lake 142 144 216 235 253 301 308 317 461 469 506 541 564 565 642 693 756 1096 1107 2615 2856 3335
lave 142 144 235 279 300 402 455 469 513 547 550 564 565 609 696 841 953 964 1107 1122 1763 2617
lear 408 425 470 552 587 626 692 783 855 882 954 1075 1108 1179 1226 1270 1426 1620 1987 2217 3553 3759
lens 44 76 150 177 236 258 272 286 383 459 470 516 554 566 688 955 956 1336 1621 1798 1989 2618
lite 9 144 237 243 273 319 360 385 388 418 503 568 693 696 778 950 961 977 1228 1258 1623 3339
lobs 96 111 159 189 215 230 234 238 306 311 320 364 372 466 472 562 570 698 957 1042 1624 2624
logs 43 80 167 178 189 208 238 280 295 305 457 472 560 566 570 583 638 698 820 1430 2425 2863
lone 9 99 106 133 142 316 328 429 464 505 571 697 712 818 964 1110 1230 1430 1522 1624 1626 1803
make 24 77 107 147 216 253 300 317 461 506 541 572 573 642 702 756 822 824 830 1096 1633 3557
mast 239 290 415 424 437 477 489 574 691 707 798 832 928 1121 1208 1323 1634 1636 1650 1809 1810 1996
naps 10 27 34 71 73 74 109 126 155 158 185 212 337 394 483 484 710 836 886 1818 2235 2642
nobs 96 111 159 215 230 305 312 320 364 372 466 483 562 583 711 838 978 1042 1124 1125 1819 2238
nows 15 23 35 59 101 120 169 194 233 238 311 336 339 407 583 711 978 1030 1124 1273 2238 3776
oyes 423 452 924 979 1024 1127 1128 1279 1280 1281 1301 1333 1435 1448 1449 1451 1461 1617 1651 1735 2653 3793
pals 4 27 49 82 83 114 149 190 341 396 397 487 488 535 546 593 608 992 2012 2098 2241 2656
peas 16 150 151 470 490 491 586 587 588 589 591 610 717 744 1129 1414 1454 1456 1829 1898 2885 3144
pone 99 115 133 152 154 191 247 307 328 429 464 505 712 721 987 989 1133 1135 1230 1289 1522 2253
rake 116 216 250 253 300 308 402 461 497 506 541 595 596 642 725 727 756 996 1096 2674 3152 3599
rips 118 153 155 220 326 387 392 405 412 460 463 468 500 598 599 601 710 761 888 1000 1467 1844
rite 116 243 273 304 360 404 406 418 499 503 600 730 778 950 977 1000 1001 1228 1298 1299 2259 3803
robs 96 111 119 159 215 230 305 311 364 372 407 466 502 562 599 602 731 859 997 1042 2033 2034
role 81 139 179 191 209 217 250 406 428 504 600 732 1002 1003 1141 1325 1611 1662 1845 1848 2033 3149
sabs 87 157 158 159 175 197 204 234 254 288 411 433 483 512 608 614 662 811 948 1142 1144 1471
same 52 130 156 235 253 289 324 356 454 462 508 606 607 609 880 1152 1268 1413 1471 1853 2039 2264
sate 52 77 94 116 144 156 165 253 323 361 376 398 443 458 503 606 607 609 625 1471 2039 3154
shat 255 619 863 907 1016 1145 1147 1156 1303 1313 1479 1480 1831 1855 1857 1874 1984 2042 2045 2086 2175 2916
sips 54 153 158 201 220 257 318 387 392 412 460 463 468 614 710 761 868 888 1012 1307 1482 1675
sora 160 740 751 1015 1262 1311 1350 1488 1490 1587 1683 1863 1867 2049 2050 2053 2212 2280 2400 2478 2687 2699
tone 19 88 99 133 162 209 307 316 429 464 505 509 712 874 875 1230 1320 1499 1522 1694 1697 2078
torn 19 210 413 440 751 876 1015 1021 1052 1111 1118 1162 1163 1332 1458 1501 1881 1974 2297 2299 2302 2487
tuns 55 57 67 86 88 180 203 258 296 366 510 604 673 708 753 877 1447 1502 1503 1697 2301 2946
wark 61 62 213 266 353 476 549 584 634 635 782 881 1033 1106 1172 1472 1647 1701 1702 1707 2084 2734
went 282 344 383 399 416 515 516 555 612 748 799 814 856 878 883 1032 1038 1058 1889 1892 2314 2742
will 110 181 214 219 248 256 259 293 371 417 501 511 561 687 709 757 885 1037 1046 1329 2089 2090
wore 7 8 19 47 61 106 154 160 348 365 518 803 1177 1180 1253 1332 1518 1705 1707 1891 1896 2093
wots 14 33 63 89 97 119 135 141 189 193 202 268 336 381 419 636 637 638 639 713 884 2315
wows 15 23 35 59 101 120 169 194 233 238 267 268 312 335 339 407 637 638 639 884 1030 2315
yaps 10 27 34 71 73 74 109 126 155 158 185 212 310 338 519 520 761 886 1178 1899 2316 2318
yaws 36 114 122 145 148 254 267 291 337 339 354 498 519 520 559 631 1178 1521 2096 2316 2747 3208
yows 15 23 35 59 101 120 169 194 233 238 312 336 338 407 1030 1042 1043 1521 2515 2517 2749 2973
ains 3 5 22 42 44 54 57 65 66 118 138 183 269 420 465 760 762 1339 1340 1523 2998
bals 2 20 30 31 32 124 125 126 270 314 342 343 535 546 608 895 1048 1184 1717 1907 2098
bams 2 20 30 31 32 72 98 105 124 126 161 251 278 341 343 374 397 771 945 1048 1178
bass 2 20 30 31 32 124 126 239 341 342 349 382 424 432 488 522 624 645 1048 1144 1185
bent 272 282 332 383 399 426 555 612 647 748 765 772 799 814 856 878 893 1050 1058 1534 1908
bids 66 124 128 129 346 389 427 500 523 525 543 648 670 762 959 1104 1507 1710 1721 2117 3238
bigs 30 66 128 167 240 274 283 345 405 456 494 548 646 648 946 1028 1039 1182 1557 1721 2117
bops 33 46 58 69 126 129 167 168 169 186 192 201 215 349 431 472 563 639 766 796 1450
bore 7 8 19 47 92 106 154 160 334 365 428 429 803 900 1052 1053 1180 1253 1350 1537 2125
boss 33 48 129 167 168 169 174 215 343 347 414 431 432 450 698 766 936 947 1254 1541 1916
bubs 67 170 215 274 275 411 432 525 602 648 654 658 771 797 847 877 1091 1125 1551 3468 3672
cans 11 31 34 55 60 68 70 83 95 108 131 157 171 277 278 285 354 433 754 836 1922
card 0 11 271 353 435 528 635 678 774 952 981 1064 1067 1073 1143 1269 1334 1356 1357 1737 2127
cark 0 11 213 331 352 435 476 528 549 584 774 782 910 1106 1356 1357 1472 1647 1737 1920 1923
caws 11 34 35 36 95 114 122 145 148 171 254 267 277 278 291 338 351 433 498 559 631
coon 172 440 471 495 530 652 704 899 1062 1063 1084 1162 1196 1489 1648 1743 1904 2134 2350 2547 3013
dame 98 130 218 235 289 323 443 448 454 462 508 534 880 1203 1268 1369 1375 1413 1567 1750 3019
dies 3 38 134 220 221 283 447 567 659 788 789 801 843 872 924 1087 1324 1755 1756 2142 2361
dink 3 39 386 391 467 517 592 617 786 857 916 917 923 933 1099 1201 1393 1757 1758 1825 1939
dire 8 39 218 242 360 388 518 544 618 656 660 749 787 915 918 1191 1203 1402 1758 1759 2144
dite 39 134 243 273 304 319 359 418 443 451 503 656 778 787 918 950 977 1203 1228 2563 3259
fate 77 94 102 116 144 165 222 223 324 376 398 443 454 455 458 541 625 663 792 1074 2161
fays 32 37 75 78 104 149 164 171 197 223 229 252 284 285 298 379 453 484 520 662 1221
fits 22 85 128 134 223 224 227 237 257 260 269 294 299 419 456 485 543 666 889 932 1212
fobs 96 111 159 215 230 287 305 311 320 372 457 466 562 662 666 796 797 935 936 1042 1221
fore 7 8 19 47 102 106 154 160 334 348 544 803 1078 1180 1219 1220 1253 1382 1587 1588 2583
funs 22 67 86 180 203 285 286 287 296 330 545 604 673 708 797 1079 1224 1447 1589 1590 2815
gale 82 107 121 125 156 184 250 265 289 368 458 534 546 547 937 1080 1168 1225 1390 1412 2589
gane 52 91 131 142 147 211 222 247 289 367 458 547 949 1025 1080 1225 1230 1246 1389 1390 2174
gars 11 20 25 29 40 49 62 72 73 103 104 143 226 288 546 630 667 812 1072 1126 3053
gets 40 117 151 166 182 199 207 224 227 236 292 459 581 636 674 686 938 939 1169 1591 2818
gill 110 181 214 219 248 256 259 293 333 501 511 561 687 709 885 937 1046 1227 1234 2176 2177
gobs 96 111 159 215 230 288 305 311 320 364 466 562 669 671 672 802 1042 1232 1771 2826 2827
hall 184 270 293 377 475 487 507 527 677 733 757 926 937 943 1085 1093 1396 1618 2395 2602 2603
hams 41 72 98 105 161 185 228 229 251 278 291 342 397 462 676 945 1094 1178 1238 1242 1783
hart 137 266 290 435 549 574 585 678 913 927 942 943 1022 1085 1599 1966 1967 1969 1970 2206 3077
hate 41 77 94 116 137 144 165 184 324 361 398 443 458 461 462 550 625 804 1236 1785 3079
hell 293 373 445 478 551 746 894 930 1011 1037 1057 1093 1239 1335 1397 1602 1793 2189 2190 2604 2835
hols 23 112 139 140 141 186 230 231 281 295 410 537 557 593 681 683 807 1244 1787 2192 2193
jays 32 37 75 78 104 149 164 171 197 229 232 252 298 362 484 520 559 811 812 945 1248
jees 16 17 18 38 56 76 90 127 136 182 686 755 776 813 1045 1097 1410 1609 1792 1978 3090
jots 14 33 89 97 119 135 141 189 193 202 233 335 466 560 686 713 813 947 1248 1249 2840
lass 1 43 74 75 105 143 145 188 234 239 343 488 565 624 690 691 698 816 953 956 1144
lent 282 303 332 344 384 399 555 612 695 748 799 814 856 878 955 1058 1113 1427 1988 2618 2619
lest 383 416 493 647 665 680 691 800 837 956 963 999 1023 1026 1109 1247 1427 1434 1711 1988 2619
lice 9 304 388 479 499 564 568 615 656 693 696 718 794 896 958 961 1170 1274 1623 1629 2620
link 9 44 358 391 467 517 592 617 694 695 821 857 933 958 960 1099 1105 1257 1393 1800 1825
lips 44 74 153 220 237 318 326 392 412 460 463 468 472 567 710 761 888 957 959 961 3102
lire 9 106 242 304 359 385 518 544 568 618 693 696 749 961 965 1191 1402 1623 2227 3337 3338
mids 26 146 240 345 392 480 500 543 576 670 762 826 829 831 959 970 974 1104 1507 1710 2869
milt 110 241 480 481 832 967 971 1088 1227 1306 1329 1420 1428 1634 1638 1692 1814 1815 1979 2000 3111
mink 79 358 386 467 517 575 592 617 857 933 971 1099 1261 1393 1441 1639 1641 1814 1825 2232 2634
mips 46 109 153 220 240 318 326 387 389 412 460 463 468 480 576 710 761 829 831 888 970
mote 14 47 77 81 243 406 451 531 578 702 706 972 1264 1320 1439 1443 1446 1644 1645 2234 2731
nags 12 21 28 30 43 50 87 103 123 228 232 284 310 483 484 519 583 836 1044 1272 2642
pack 396 486 584 623 640 675 689 699 719 842 846 848 851 1007 1172 1519 1608 2011 2239 2240 2655
pacs 4 27 49 83 114 149 190 314 395 397 473 486 488 690 1129 1131 1142 2011 2080 2239 2240
pams 4 27 49 72 83 98 105 114 149 161 190 251 278 314 342 374 396 488 722 945 1178
pate 4 77 82 84 94 116 144 165 247 324 361 376 443 458 486 625 840 841 1452 1652 2884
pent 150 282 332 344 383 490 493 555 612 748 799 814 856 878 993 1058 1132 1284 1285 1453 1455
pods 26 115 129 132 190 192 193 194 249 261 409 491 502 557 593 671 711 722 723 1043 1834
pugs 86 195 274 482 494 540 545 588 594 603 685 723 753 820 847 849 850 992 1100 1508 3369
rave 116 250 279 301 317 455 497 513 547 550 595 596 609 725 727 730 841 996 1122 1141 1763
regs 17 50 117 196 405 566 588 598 603 627 646 700 728 736 997 1139 1272 1297 1417 1466 1843
ride 319 427 499 500 600 730 737 758 976 1000 1001 1002 1027 1159 1298 1299 1399 1661 1905 2152 2462
rigs 50 118 240 283 318 346 403 456 494 500 548 599 601 603 946 1028 1039 1182 1467 1557 1844
rote 116 119 319 321 393 451 531 732 1002 1003 1141 1320 1446 1848 2033 2037 2259 2680 2681 2731 2907
rows 15 23 35 59 101 119 120 169 194 233 238 312 320 336 339 498 502 731 859 1030 2034
sear 255 302 425 552 587 610 626 735 783 855 882 1010 1075 1179 1226 1270 1473 1685 2041 2048 2057
sods 26 120 129 132 159 200 201 202 261 400 410 502 557 620 671 711 741 867 1043 1153 2050
sols 112 120 159 200 201 202 281 378 409 504 537 593 608 611 620 740 741 1151 1153 2051 2698
subs 159 203 322 350 602 614 622 654 658 742 797 847 867 868 877 1091 1125 1155 2062 2482 3174
tips 10 57 58 153 220 260 318 326 387 392 460 463 468 710 761 872 888 1317 1503 2295 3405
tort 19 210 329 750 751 876 973 1022 1053 1078 1163 1164 1177 1291 1311 1501 1695 1878 1881 2297 2494
toss 48 58 59 88 89 163 174 208 210 261 349 450 624 629 698 752 936 947 1164 1254 1882
wast 266 290 309 416 424 437 489 691 798 928 1032 1176 1208 1323 1328 1510 1650 1708 2083 2506 2733
west 332 384 415 493 515 647 665 680 800 837 883 999 1023 1026 1176 1247 1708 1711 1889 1892 2314
wile 64 241 265 333 418 518 600 628 649 720 758 759 795 1029 1041 1329 1516 1893 2089 2090 3635
wite 64 243 273 304 319 360 417 419 503 518 758 759 778 950 977 1041 1228 1516 1893 2740 3206
wits 63 65 85 128 134 227 237 257 260 269 294 299 335 363 418 485 636 889 1039 1517 2740
zins 3 5 22 42 44 54 57 65 66 118 138 183 340 465 760 887 888 889 1182 1903 3644
ales 422 423 763 890 891 1047 1183 1281 1338 1341 1342 1524 1525 1712 1713 1715 2104 2322 2985 3447
ares 421 423 763 890 891 979 1047 1183 1338 1342 1528 1696 1715 2108 2109 2110 2111 2403 2759 3228
ayes 313 421 422 452 763 890 891 924 1024 1047 1183 1301 1333 1338 1342 1435 1461 1617 1715 1735
bast 290 309 343 415 437 489 522 645 647 691 798 928 1055 1185 1208 1323 1650 1719 2531 3462
bear 302 408 426 552 587 626 783 855 882 1049 1075 1179 1187 1226 1270 1344 1530 1720 2532 2539
beat 255 344 425 490 647 869 893 901 1049 1050 1076 1189 1237 1344 1348 1436 1444 1530 1720 2532
bide 93 273 345 404 641 649 737 758 896 897 976 1027 1159 1347 1399 1537 1905 2152 2334 3238
bole 81 125 139 179 191 209 217 321 348 429 504 649 767 768 1051 1325 1537 1538 1539 1611
bone 91 93 99 133 307 316 328 348 428 464 505 712 898 1230 1349 1522 1537 1540 1724 1908
boot 168 524 530 621 705 750 768 817 899 1053 1140 1189 1245 1542 1543 1586 1725 1913 1915 2340
boys 32 33 129 167 168 169 215 347 349 532 683 741 752 766 1221 1232 1248 1533 1551 3007
buss 67 170 274 275 343 349 350 525 579 771 850 906 911 1055 1155 1224 1355 1551 2743 2769
cabs 11 34 95 96 171 175 204 234 277 278 288 322 351 354 483 512 654 662 811 948
cape 0 34 94 130 131 216 276 279 436 439 727 773 1157 1225 1552 1818 2200 2774 3010 3011
cart 0 11 266 352 353 375 437 528 574 585 774 913 927 1022 1356 1357 1368 1737 1922 2206
case 0 94 130 131 216 276 279 434 437 497 565 645 773 775 840 1552 1886 1923 1949 2544
cast 290 309 415 424 435 436 489 691 775 781 798 928 1208 1323 1650 1922 1923 1928 2544 3251
come 7 130 133 217 439 448 529 531 578 682 779 875 987 1065 1123 1152 1931 2349 2554 3250
cope 7 69 133 217 434 438 449 509 529 531 697 706 732 779 809 989 1065 1277 1561 2774
corn 7 173 329 355 528 653 910 1015 1052 1064 1111 1118 1332 1366 1458 1562 1743 1745 1974 2350
cure 0 7 442 660 965 994 1059 1067 1068 1119 1191 1365 1366 1367 1368 1563 1688 1938 2138 2354
curs 11 173 275 441 533 654 849 911 1066 1067 1068 1197 1199 1365 1366 1367 1368 1590 1938 2652
date 77 94 116 144 165 218 324 356 360 361 376 398 451 458 534 625 1369 1567 2781 3020
deal 445 551 586 692 735 743 783 825 854 929 1034 1506 1568 1751 1754 1901 2783 2794 3022 3256
dell 219 377 444 446 478 655 746 894 930 1011 1037 1057 1071 1335 1374 1572 1793 2357 2561 3022
dels 38 177 445 535 537 611 655 747 785 827 895 939 1358 1371 1374 1753 2151 2357 2360 2561
dibs 3 134 175 220 283 357 599 614 648 658 666 669 788 789 829 838 957 1098 1371 1756
dome 8 99 179 356 438 449 451 578 657 682 875 921 922 987 1123 1152 1203 1375 1570 1574
dope 8 99 179 439 448 451 509 697 706 732 809 921 922 989 1277 1570 1574 1760 2147 3490
doss 48 100 101 135 174 178 221 349 414 537 538 657 698 789 921 936 947 1254 1378 1569
dote 8 99 135 179 360 393 406 443 448 449 531 921 922 1320 1446 1570 1574 1940 2366 2731
eyes 313 423 924 1024 1301 1333 1435 1461 1617 1735 1950 2153 2154 2155 2156 2372 2374 2801 3037 3274
fads 124 146 176 188 190 205 223 226 264 277 284 285 362 496 543 662 663 664 1079 2803
fame 102 130 222 235 289 323 356 361 455 462 508 541 663 792 880 1074 1268 1413 2160 3048
fave 102 222 279 301 361 402 454 513 541 547 550 609 663 792 841 1074 1122 1213 1763 3276
figs 22 240 283 284 346 363 405 457 494 543 545 548 666 932 946 1028 1039 1182 1212 1557
fogs 80 167 178 208 280 284 287 295 306 364 456 545 560 583 638 796 935 936 1221 2582
gate 40 77 94 116 144 165 289 324 361 367 368 376 398 443 547 625 1080 1225 1228 1390
gens 150 177 182 183 258 272 286 303 370 516 554 673 688 799 938 939 1336 1591 2174 3295
gips 73 153 183 220 227 318 326 387 392 412 463 468 548 669 670 710 761 801 888 3302
hake 137 184 216 253 300 308 317 376 462 506 541 550 642 756 804 806 1096 1236 1400 3523
hame 130 137 184 235 289 323 356 374 376 454 461 508 550 682 804 880 1236 1268 1413 1971
hips 138 153 185 186 220 294 318 326 387 392 412 460 468 710 761 888 1087 1242 1606 2838
hone 99 133 139 140 307 316 328 429 505 682 712 806 809 1089 1090 1230 1404 1405 1407 1522
jins 3 5 22 42 44 54 57 65 66 118 138 183 340 420 760 946 1098 1099 3316 3317
jobs 96 111 159 215 230 233 305 311 320 364 372 381 560 562 811 813 947 1042 1098 1248
kink 42 187 358 386 391 517 592 617 857 933 1099 1252 1393 1419 1421 1613 1614 1825 2418 2611
kips 42 153 220 299 318 326 387 392 412 460 463 563 710 761 888 1104 1251 1422 1423 1985
lade 142 144 188 235 276 300 301 564 565 573 606 632 641 663 804 1107 1110 1432 1791 2851
leas 76 236 302 303 315 566 610 692 744 954 956 1108 1414 1620 1621 1798 1898 1987 1989 2217
loon 355 495 570 704 817 899 962 1084 1111 1162 1431 1489 1625 1627 1648 1802 1804 1904 2223 2860
lops 46 58 69 74 186 189 192 201 238 305 306 347 387 563 570 639 697 698 796 1450
macs 12 13 25 78 108 109 146 148 239 396 572 577 690 699 970 1142 1259 2080 2228 3566
mail 475 633 677 714 764 793 823 852 860 1018 1114 1167 1250 1267 1409 1807 1808 1995 2001 3105
mall 107 110 270 373 474 478 487 507 527 703 733 757 926 937 1114 1265 1618 1634 1995 2429
mark 24 25 213 331 353 549 574 584 699 782 1106 1114 1260 1441 1472 1637 1647 1810 2006 2431
mash 239 309 522 716 775 816 995 1083 1086 1115 1120 1263 1328 1381 1565 1669 1809 1810 2228 2633
mell 110 377 445 475 703 746 825 827 894 930 967 1011 1037 1057 1265 1335 1437 1793 2433 3346
mice 79 241 242 243 385 499 572 575 615 656 718 794 830 896 970 1117 1170 1274 1440 3108
mils 110 112 240 241 389 390 392 576 827 829 831 932 970 1317 1339 1638 1814 1815 2009 2650
molt 81 112 390 703 705 707 768 780 807 834 967 973 1376 1442 1634 1640 1645 1816 2405 2730
mugs 12 80 240 274 401 540 545 579 580 603 685 700 708 753 820 974 975 1100 1508 3563
nabs 175 204 234 288 310 311 322 394 433 484 512 662 811 836 838 948 1125 1819 2640 2642
nays 32 37 75 78 104 149 164 171 197 229 252 298 310 362 379 394 483 520 836 2642
nits 85 128 134 227 237 257 260 269 294 299 363 419 581 710 838 889 977 1278 1822 2009
pace 82 84 247 395 396 398 564 572 718 725 792 840 841 1017 1369 1452 2011 2239 2240 2453
pall 82 248 270 314 373 475 507 527 714 724 733 757 926 937 1287 1618 2012 2241 2656 2658
pass 4 27 49 83 114 149 190 239 314 343 382 396 397 489 624 716 840 850 986 1144
past 290 309 415 424 437 488 493 585 691 716 798 840 928 990 1208 1323 1453 1650 2011 3593
peat 255 315 399 426 493 586 587 717 869 1076 1237 1284 1285 1436 1444 1454 1831 1839 2250 2885
peds 16 150 151 190 196 315 400 523 588 589 591 664 723 826 870 938 1129 1512 1829 1902
peed 16 198 514 536 542 553 597 668 745 966 982 983 1097 1130 1271 1282 1283 1455 1832 2015
pest 384 399 416 489 490 647 665 680 800 837 990 999 1023 1026 1247 1284 1285 1711 3591 3593
pigs 5 85 153 240 283 346 401 405 456 548 588 843 946 986 1028 1039 1131 1182 1456 1557
poon 249 355 471 704 899 988 1084 1134 1162 1290 1457 1458 1489 1648 1835 1904 2244 2451 2663 3135
rads 50 51 124 146 155 176 188 190 196 205 226 251 252 264 277 453 498 500 502 1462
rase 116 250 317 402 436 565 595 596 645 725 727 840 995 996 1001 1003 1665 1886 1949 2902
raws 36 50 51 114 122 145 148 155 251 252 254 267 291 338 354 407 496 559 631 1462
rice 319 385 404 479 600 615 656 718 725 729 730 794 896 1000 1001 1170 1274 1298 1299 3379
rids 118 196 318 345 389 404 405 496 502 543 599 601 670 762 959 1104 1467 1507 1710 1844
rill 110 181 214 219 248 256 259 293 333 371 511 561 600 687 709 885 1046 1845 2463 3380
rods 26 119 129 132 196 261 320 400 407 409 496 500 557 671 711 731 859 1002 1043 2034
site 53 243 257 273 304 319 324 360 418 615 616 618 737 778 950 977 1228 1307 2271 2272
sole 81 139 156 160 179 191 209 217 321 410 428 505 740 1150 1151 1152 1325 1611 2051 2698
sone 52 53 99 133 160 200 307 316 328 429 464 504 712 1150 1152 1230 1522 1673 1682 2066
take 121 206 216 253 300 308 317 461 508 541 625 642 756 873 874 1017 1096 1157 1885 3180
tall 121 259 270 373 475 487 527 733 746 757 926 937 1018 1161 1618 1689 1870 2933 3181 3613
tame 121 130 161 206 235 289 323 356 454 462 506 625 875 880 1017 1157 1268 1413 1690 1876
tope 19 58 209 328 439 449 697 706 732 809 874 875 989 1157 1277 1320 2079 2495 2714 2942
tuts 6 89 170 195 207 260 330 533 558 580 605 674 753 877 980 1249 1278 1503 2946 3949
vill 110 181 214 219 248 256 259 293 333 371 501 561 687 709 885 1029 1046 2504 2728 3419
wabs 60 62 63 123 164 175 204 212 234 264 267 288 322 433 483 662 811 948 1031 2508
wave 61 211 265 279 301 402 455 547 550 609 632 756 759 841 880 1122 1326 1763 2093 2313
weed 90 198 492 515 536 542 553 597 668 745 966 1035 1036 1038 1097 1173 1174 1175 1271 1890
weet 90 332 416 514 784 883 893 1035 1036 1103 1173 1174 1175 1211 1427 1889 1892 1999 2314 2510
wens 60 65 90 150 177 258 268 272 286 303 332 459 554 636 688 1038 1336 1512 2508 2744
wink 64 65 358 386 391 467 592 617 634 857 933 1040 1099 1330 1393 1514 1515 1825 1894 1895
wire 61 64 242 334 359 388 417 418 544 618 749 758 759 1041 1191 1402 1516 1891 1893 2968
yags 12 21 28 30 43 50 87 103 123 228 232 284 337 338 394 520 1044 1178 2316 3207
yays 32 37 75 78 104 149 164 171 197 229 252 298 337 338 362 379 484 519 1178 2316
bank 31 91 213 526 634 640 643 644 805 898 1008 1105 1184 1185 1201 1295 1497 2094 2763
bash 343 424 477 645 716 775 816 995 1083 1086 1185 1186 1328 1355 1381 1541 1565 1669 2762
beds 124 127 129 166 196 272 345 491 525 646 664 826 870 895 938 1512 1533 1902 3667
book 168 430 650 652 808 898 899 900 940 962 1300 1310 1500 1725 1823 1915 1916 1986 2340
buds 67 124 129 170 274 275 345 350 432 523 723 771 867 974 1066 1070 1079 1551 1826
bunk 67 521 769 772 810 821 898 902 906 923 1137 1154 1549 1589 1733 1780 2122 2202 2344
call 270 373 475 487 507 733 757 774 926 937 1057 1198 1618 1920 1921 2345 2543 2771 2772
carn 0 11 352 353 435 440 774 881 892 1021 1056 1202 1356 1357 1366 1612 1737 2095 2149
coke 7 133 216 217 438 439 531 702 721 779 806 874 1065 1150 1610 1705 1744 1900 2138
coot 172 355 430 621 652 705 750 780 781 817 1062 1063 1140 1196 1245 1586 1742 2135 2348
cote 7 94 97 133 217 393 406 438 439 451 529 778 779 1065 1320 1446 1563 1738 2731
coys 35 68 69 96 97 132 171 172 173 174 280 281 431 683 741 752 1221 1232 1248
cuts 95 97 170 195 442 510 558 580 605 654 674 911 980 1066 1197 1199 1249 1278 1563
dale 82 107 121 125 156 179 184 218 250 265 356 367 443 535 1168 1369 1374 1412 1567
dals 21 36 37 70 71 98 175 176 314 341 446 534 537 546 608 1200 1370 1564 2098
deed 38 198 492 514 542 553 597 668 745 784 966 1069 1097 1271 1373 1568 1755 2140 2797
dols 100 101 112 135 178 179 221 281 378 410 446 450 535 538 593 657 1376 1569 1572
dors 8 100 101 135 173 178 210 221 245 450 537 657 920 1204 1205 1569 1616 1761 2565
duck 684 769 786 819 835 848 866 919 923 1004 1165 1181 1222 1372 1395 1575 1762 2568 3265
dugs 21 178 180 274 283 401 482 545 603 658 659 685 753 820 1070 1100 1207 1508 2796
fake 102 216 222 253 300 308 317 361 454 455 461 506 642 663 756 792 1074 1096 2816
feed 136 198 492 514 536 553 597 668 745 931 966 1097 1210 1211 1271 1952 3041 3277 3278
fids 22 345 363 389 453 456 500 664 666 670 762 932 959 1079 1104 1212 1507 1710 2578
fire 102 225 242 359 365 388 518 618 749 794 795 1191 1212 1213 1382 1402 2378 2379 2807
fugs 274 284 366 401 456 457 482 540 603 685 753 797 820 1079 1100 1224 1508 1590 3877
gals 40 72 73 103 104 226 288 314 341 367 369 535 608 667 937 939 1779 2098 2589
gave 279 289 301 367 368 402 455 458 513 550 609 841 1080 1122 1225 1390 1592 1763 3303
gigs 103 183 227 240 283 346 405 456 460 494 669 670 801 946 1028 1039 1182 1557 3514
hark 137 213 331 353 375 476 584 675 678 782 805 943 1106 1472 1599 1647 1969 2396 2601
have 137 184 279 301 376 402 455 461 462 513 547 609 804 841 1090 1122 1236 1403 1763
heal 377 444 552 586 692 735 743 825 854 929 1034 1237 1239 1506 1600 1602 1901 2188 2189
hear 302 408 425 551 587 626 783 855 882 1075 1179 1226 1237 1270 1600 2188 2399 3069 3071
heed 198 492 514 536 542 597 668 745 966 1097 1271 1397 1600 1602 1603 1605 1782 1973 2401
hens 138 140 150 177 258 272 286 292 296 303 459 516 555 688 944 1238 1336 1398 2398
hent 282 332 344 383 399 554 612 680 748 799 814 856 878 942 1058 1095 1237 1401 2397
hock 569 650 675 684 739 808 833 846 858 908 919 1089 1241 1244 1275 1337 1411 1601 1975
hods 23 26 129 132 140 141 186 230 231 261 295 378 400 409 502 671 683 711 1043
huts 41 141 170 195 292 294 296 510 533 580 605 674 685 980 1091 1092 1094 1249 1278
jaws 36 114 122 145 148 232 233 254 267 291 338 354 379 498 631 811 812 945 1410
jogs 80 167 178 208 232 233 280 295 306 381 457 466 583 638 813 946 947 1100 1248
kill 110 181 214 219 248 256 259 293 333 371 501 511 687 709 885 1046 1420 2209 3328
kobs 96 111 159 215 230 305 311 320 364 372 466 563 948 1042 1254 1615 1616 2416 2849
kops 46 58 69 186 192 201 347 468 472 562 639 796 1251 1254 1450 1615 1616 2416 3101
lace 142 144 235 300 301 385 469 486 565 572 689 690 725 792 1017 1107 1369 1629 2420
lase 142 144 235 300 301 382 436 469 497 564 645 691 816 818 840 1107 1886 1949 3556
legs 43 76 236 303 306 403 470 588 627 646 700 736 820 956 1272 1417 1621 1798 1989
lies 44 76 237 357 387 801 843 872 957 959 1087 1324 1435 1622 1630 1799 1990 2621 2859
lime 9 235 304 385 388 693 696 961 1203 1256 1299 1429 1440 1623 1876 2220 2221 2222 2623
lock 556 650 689 739 819 833 846 858 908 919 958 962 1275 1337 1411 2422 2423 2625 2862
loos 113 168 172 189 238 249 305 306 471 472 698 802 817 884 962 1431 1625 1804 2320
lune 9 142 307 790 821 965 1112 1113 1258 1432 1628 1629 1697 1851 1993 1994 2614 2628 2629
mace 24 77 107 147 308 473 479 486 564 573 699 725 792 822 824 1017 1369 1633 2228
made 24 77 107 146 147 276 308 469 572 606 632 641 663 804 822 824 972 1633 1791
mart 24 25 266 309 375 435 476 585 913 927 973 1022 1114 1260 1634 1636 1996 2206 2431
mick 391 479 699 719 729 786 833 835 864 958 970 1241 1419 1441 1445 1498 1514 1814 3108
miss 48 239 240 389 392 480 579 789 829 831 832 968 970 986 1117 1423 1517 1606 3109
mocs 14 15 26 45 46 48 80 111 112 113 244 245 473 701 833 970 1569 2034 3566
mome 47 81 244 393 438 448 682 702 706 875 972 987 1123 1152 1264 1440 1813 2234 3560
muss 48 239 432 482 576 580 708 850 911 968 974 975 1120 1121 1155 1224 1266 2007 2743
muts 13 14 170 195 482 510 533 558 579 605 674 708 974 975 980 1249 1278 1443 2436
nets 117 151 166 199 207 224 236 292 370 485 636 686 1169 1272 1273 1278 1819 2008 2644
nine 9 39 53 64 79 93 152 162 187 225 263 712 777 887 976 977 1274 2643 3117
nogs 80 167 178 208 280 295 306 311 312 394 457 560 638 711 978 1124 1272 2238 3773
park 49 84 213 331 353 395 476 549 585 782 981 984 1106 1472 1647 1836 2013 2242 2655
part 49 84 266 375 435 489 574 584 913 927 981 1022 1285 1291 1453 2011 2013 2206 2242
peal 315 444 490 551 587 692 717 735 743 825 854 929 1034 1282 1454 1506 1901 2444 2885
pear 302 315 408 425 490 552 586 626 717 783 855 882 1075 1130 1179 1226 1270 1454 2885
pegs 16 150 151 315 401 403 491 494 566 589 591 627 646 700 736 1129 1272 1417 1829
peps 16 27 150 151 153 192 315 491 588 591 594 598 1129 1251 1554 1829 1899 2097 3590
pere 84 154 679 828 915 984 994 1059 1146 1285 1382 1830 1891 2014 2028 2659 2660 2661 2886
pews 16 114 150 151 194 315 491 588 589 613 785 871 944 969 1129 1273 1410 1521 1829
pink 5 152 358 386 391 467 517 617 719 845 857 933 985 1099 1132 1137 1286 1393 1825
pols 112 115 191 192 193 194 249 281 314 378 400 410 537 722 992 1287 1288 1834 2019
pups 27 86 153 192 195 401 589 723 847 849 850 868 992 1199 1207 1503 2318 2671 3797
rage 50 116 250 317 402 497 596 607 725 727 773 822 996 1080 1326 1452 2030 2031 2900
rare 0 24 61 84 92 102 116 137 206 218 250 317 402 497 595 725 727 996 1520
reed 17 198 492 514 536 542 553 668 745 966 998 1097 1271 1464 1465 1659 2675 2676 2683
reps 17 117 155 196 318 403 589 728 997 1139 1251 1297 1466 1554 1843 1899 2097 3377 3600
ribs 118 318 320 405 447 500 601 602 614 648 666 669 829 838 957 997 1098 1467 1844
rile 241 250 319 321 404 417 499 501 628 649 720 730 795 1000 1001 1029 1298 1299 1662
rims 118 251 318 405 500 599 728 788 859 1006 1012 1242 1299 1340 1467 1822 1844 2308 3601
rubs 320 350 411 599 603 604 605 654 658 797 847 877 997 1005 1006 1091 1125 1849 3603
rugs 50 274 401 403 405 482 540 545 602 604 605 685 753 820 1005 1006 1100 1508 3383
runs 67 86 118 180 203 296 330 366 602 603 605 673 708 1005 1006 1447 1469 1664 1851
ruts 51 117 119 170 195 510 533 558 580 602 603 604 674 980 1005 1006 1249 1278 3606
sade 52 156 253 276 323 324 469 573 607 609 632 641 663 737 804 1471 1791 2038 2039
sage 52 87 156 253 323 324 595 606 609 773 822 1080 1326 1452 1471 2039 2908 2909 3153
sals 87 156 157 158 197 254 314 322 341 410 535 546 611 733 1142 1144 2098 2684 2911
save 52 156 253 279 301 323 324 402 455 513 547 550 606 607 841 1122 1471 1763 2039
seas 18 199 255 315 408 470 611 613 735 736 744 1414 1473 1474 1476 1478 1898 2054 2918
sels 18 199 410 446 608 610 613 736 747 827 895 939 1011 1358 1474 1476 1478 2151 2915
sent 255 282 332 344 383 399 555 748 799 814 856 878 1058 1477 1673 2265 2266 2469 2914
sews 18 120 199 254 591 610 611 736 785 871 944 969 1273 1410 1474 1476 1478 1521 3157
sibs 54 159 257 322 326 411 447 599 648 666 669 829 838 957 1012 1098 1482 1675 3607
sice 53 385 479 499 503 616 618 656 718 737 794 864 896 1170 1274 1307 1482 2272 3399
sike 53 253 503 615 618 693 737 787 830 844 873 897 1150 1307 1400 1796 2272 2289 3608
sink 53 54 358 386 391 467 517 592 857 864 933 1008 1099 1148 1154 1393 1825 2268 2693
sire 53 160 242 359 388 503 518 544 615 616 737 749 1146 1191 1307 1402 1675 1688 2272
slat 255 325 738 865 934 1013 1016 1145 1156 1308 1309 1313 1348 1483 1484 1485 1680 1857 2250
soms 120 159 200 201 202 244 409 410 629 657 722 741 742 859 1012 1124 1152 1153 1488
soot 430 530 705 738 750 817 863 1140 1245 1310 1311 1489 1491 1586 1681 1854 2065 2285 2697
sues 18 203 411 659 742 867 868 1005 1092 1155 1197 1492 1630 2062 2419 2482 2928 3159 3176
tack 395 640 675 689 699 851 1007 1017 1165 1172 1497 1498 1519 1608 1870 2483 2484 2485 3179
tass 6 10 28 29 55 122 161 204 205 239 343 382 414 488 1144 1158 1314 1315 2485
tate 6 77 94 116 121 144 165 206 324 361 376 398 443 458 506 508 1017 1157 1320
tear 302 408 425 552 587 743 744 783 855 869 882 1075 1179 1226 1270 1872 2292 3413 3619
tegs 28 56 207 208 258 403 566 588 646 700 736 744 747 753 870 871 1272 1417 3811
tile 121 162 209 241 259 417 600 649 720 749 795 873 1029 1159 1317 1692 1876 2076 2293
toms 58 59 88 89 161 163 208 210 244 261 414 620 657 722 752 859 875 1124 3190
vars 11 20 25 29 49 62 143 262 369 631 754 812 1072 1126 2080 2502 2724 2954 3200
vaws 36 114 122 145 148 254 262 267 291 338 354 498 559 630 754 1030 2080 2502 2724
wade 61 211 264 265 276 469 513 573 606 641 663 756 758 804 880 1326 1791 2309 2310
wail 474 677 714 757 764 793 852 860 879 1018 1167 1250 1267 1409 1509 1510 2312 2732 2735
wank 60 211 331 517 521 805 1008 1032 1105 1172 1201 1295 1327 1497 1511 1895 2084 2094 2734
ward 61 62 266 271 331 352 678 881 952 981 1033 1073 1143 1269 1327 1334 1518 1701 1702
wets 63 90 117 151 166 199 207 224 236 292 335 370 419 516 581 686 1169 1512 2508
woes 90 163 221 231 268 335 336 638 639 672 731 813 884 935 978 1031 1333 1700 2315
wogs 80 123 167 178 208 268 280 295 306 335 336 457 560 583 637 639 884 1039 2315
wops 46 58 69 186 192 201 212 268 335 336 347 472 563 637 638 796 884 1450 2315
back 213 395 521 623 650 675 689 699 769 851 1007 1172 1184 1185 1345 1519 1608 2762
bade 91 92 124 125 165 276 427 469 573 606 632 642 645 663 804 1343 1537 1791
bake 91 92 125 165 216 253 300 308 317 461 506 541 641 645 756 897 1096 1343
band 31 91 271 521 644 765 1188 1327 1463 1540 1549 1619 1668 1717 1784 2328 2763 3004
bang 31 91 521 643 726 734 815 839 902 912 941 1020 1209 1349 1389 1505 1709 2763
base 91 92 125 165 343 424 436 497 522 565 641 642 840 1185 1343 1347 1886 1949
begs 30 127 166 167 272 274 346 403 523 566 588 627 700 736 895 1272 1417 1533
best 344 384 416 424 426 493 665 680 800 837 893 999 1023 1026 1050 1055 1247 1711
bibs 66 128 215 345 346 350 447 599 614 666 669 829 838 957 1098 1721 2117 3465
bile 93 125 214 241 273 417 427 428 600 628 720 795 896 897 1029 1347 2331 2334
bock 524 556 569 640 739 769 833 846 858 898 900 908 919 1275 1337 1345 1411 1916
burl 275 770 903 904 905 1054 1068 1354 1550 1722 1734 1919 1958 2027 2198 2649 3469 3472
cook 172 355 524 530 808 908 910 940 962 1062 1063 1195 1196 1300 1310 1500 1823 1986
cory 7 173 440 876 909 910 920 1061 1064 1363 1561 1562 1744 1745 1933 1934 2389 2427
cubs 96 350 411 433 442 533 602 658 797 847 877 911 1066 1091 1125 1197 1199 2354
delt 282 445 446 784 883 967 1050 1284 1359 1374 1376 1391 1418 1579 1752 2357 2561 3021
dice 39 359 360 385 479 499 615 718 786 787 794 896 918 1170 1203 1274 1369 1575
doms 98 100 101 135 178 221 244 448 450 537 538 620 629 722 788 859 1124 1569
dubs 175 180 350 411 447 540 602 654 659 797 847 877 1070 1091 1125 1207 1371 2796
dues 38 180 221 357 540 622 658 924 1005 1070 1092 1197 1207 1630 2146 2419 2795 2796
dure 8 218 359 441 790 915 965 994 1119 1575 1577 1688 1947 1948 2147 2148 2369 3030
eats 1 2 4 6 13 40 41 51 63 95 223 246 262 297 1072 1138 2150 3695
fabs 175 204 223 234 284 285 288 322 362 364 433 453 483 512 666 797 811 948
fade 102 222 276 361 453 454 455 469 541 573 606 632 641 792 804 1074 1791 2803
feds 136 196 224 286 453 491 523 543 826 870 938 1077 1079 1512 1580 1902 2159 2162
fest 384 416 493 647 680 800 837 928 999 1023 1026 1076 1077 1211 1247 1385 1579 1711
fibs 22 363 364 447 456 543 599 614 648 662 669 797 829 838 932 957 1098 1212
gaes 40 72 73 103 104 182 226 288 369 546 672 676 801 1031 1259 1794 2586 2587
geed 182 198 492 514 536 542 553 597 745 966 1097 1271 1392 1593 1770 1960 2586 3294
gibs 183 227 288 372 447 460 548 599 614 648 666 670 801 829 838 957 1098 2594
gids 183 226 227 345 389 460 500 543 548 669 671 762 801 938 959 1104 1507 1710
gods 26 129 132 226 261 372 400 409 502 557 670 672 711 802 938 1043 1232 1771
goes 163 182 221 231 372 637 667 671 731 801 802 813 935 978 1232 1700 1771 3518
guns 67 86 180 183 203 296 330 366 459 604 674 708 1235 1447 1779 1780 2394 2832
guts 40 170 195 227 370 510 533 558 580 605 673 980 1235 1249 1278 1779 2394 2832
hack 395 549 556 623 640 684 689 699 805 851 1007 1172 1241 1519 1601 1608 2396 2601
haes 41 185 228 229 231 291 374 667 1031 1087 1092 1259 1782 1783 1794 1966 2833 3070
hail 373 474 633 714 764 793 852 860 943 1018 1167 1250 1267 1409 1968 2189 2395 2601
hard 137 271 352 375 549 635 943 952 981 1073 1143 1269 1334 1599 1603 1782 1784 1969
here 137 590 828 915 1059 1146 1239 1240 1382 1398 1402 1603 1604 1786 1891 1971 2191 3719
hest 290 384 416 493 555 647 665 800 837 999 1023 1026 1237 1243 1247 1406 1711 2397
hold 139 378 807 834 1051 1060 1151 1229 1244 1319 1331 1397 1584 1607 1787 1973 2192 2193
home 139 438 448 462 464 578 806 809 875 987 1090 1123 1152 1405 1407 1971 3305 3527
hoys 23 140 141 186 229 230 231 295 378 431 532 557 741 752 1221 1232 1248 3528
huck 539 556 675 769 810 819 835 848 866 1004 1165 1181 1222 1241 1395 1601 1977 2402
hugs 228 274 295 296 401 482 540 545 558 603 753 820 1091 1092 1094 1100 1508 3723
jets 117 151 166 199 207 224 236 292 370 380 381 581 636 1169 1249 1410 1978 2608
jill 110 181 214 219 248 256 259 293 333 371 501 511 561 709 885 1046 1793 1979
kens 42 150 177 258 272 286 303 459 516 554 814 1251 1336 1414 1417 2208 2413 2845
lack 395 564 569 623 640 675 690 699 819 851 958 1007 1105 1106 1172 1519 1608 2420
lacs 1 43 74 75 105 143 145 188 234 382 396 473 564 689 953 1142 2080 2420
last 290 309 382 384 415 424 437 489 565 798 816 928 963 1109 1208 1323 1434 1650
leal 302 444 470 551 586 735 743 825 854 929 954 1034 1108 1506 1620 1901 1987 2217
like 9 300 304 385 388 568 616 696 787 830 844 873 897 961 1400 1623 1796 2856
ling 9 44 386 695 815 845 916 960 1112 1148 1160 1252 1257 1330 1468 1800 1803 1903
lint 9 44 383 386 694 917 960 971 1109 1113 1132 1257 1401 1428 1534 1693 1800 2218
live 9 301 304 385 388 568 693 730 759 918 961 964 1171 1213 1403 1592 1623 1980
lope 106 307 439 449 472 509 706 732 809 818 961 964 989 1110 1277 1430 1624 1626
loss 48 174 189 238 305 306 349 382 414 450 472 570 818 936 947 956 963 1254
mack 395 473 476 572 575 623 640 675 689 833 835 851 1007 1172 1519 1608 1810 2228
megs 12 80 240 403 482 566 588 627 646 736 826 827 968 969 1272 1417 1438 3558
moas 14 15 26 45 46 48 80 111 112 113 244 245 577 766 1615 1640 1771 2233
moke 47 81 308 393 529 578 706 721 806 830 874 972 1150 1264 1610 1705 1900 2234
moll 81 110 112 475 478 481 767 834 1161 1265 1287 1442 1572 1643 1816 1845 2001 2426
moon 113 355 471 495 705 899 1084 1118 1162 1489 1642 1643 1648 1904 2003 2233 2434 3904
moot 113 430 481 530 621 704 707 750 817 973 1140 1245 1586 1640 1642 1643 1645 2434
mope 46 47 81 393 439 449 509 578 697 702 732 809 972 989 1264 1277 2234 2638
most 48 309 481 705 781 832 963 973 990 1121 1164 1263 1378 1406 1640 1645 1708 2435
muns 45 67 86 108 180 203 296 330 366 482 579 580 604 673 974 975 1447 3767
nill 110 181 214 219 248 256 259 293 333 371 501 511 561 687 885 1046 1824 2009
nips 153 220 310 318 326 387 392 412 460 463 468 485 761 838 888 1822 2009 3572
nods 26 129 132 261 311 312 400 409 502 557 583 671 978 1043 1124 1276 2238 3118
none 99 133 307 316 328 429 464 505 582 1123 1230 1276 1277 1446 1522 1649 2643 2646
oots 14 33 89 97 119 135 141 189 193 202 246 335 381 980 1450 2440 2882 3784
pail 474 487 633 677 715 764 793 852 860 1018 1167 1250 1267 1409 1827 1828 2655 2658
pain 714 823 853 861 879 925 951 1019 1056 1081 1101 1322 1827 1828 2243 2442 2655 3145
pash 477 488 489 522 775 816 840 995 1083 1086 1292 1328 1381 1565 1652 1655 1669 2247
pean 315 490 586 587 1049 1108 1283 1454 1751 1812 1888 1897 2244 2249 2404 2442 2885 2887
pice 152 385 479 486 499 615 656 719 720 794 844 896 1131 1170 1274 1654 2245 2453
pick 395 575 592 718 729 786 842 846 848 864 958 1131 1241 1419 1445 1498 1514 2245
pile 82 152 191 241 248 417 600 628 649 718 795 844 991 1029 1653 1654 2014 2888
poke 154 191 316 529 702 806 844 874 987 989 1135 1150 1610 1705 1900 2025 2449 2659
poms 115 192 193 194 244 249 397 400 593 620 629 657 859 987 1124 1834 2450 2892
puds 86 190 195 400 401 491 525 594 847 849 850 867 974 992 1066 1070 1079 1826
pull 248 487 770 991 992 1071 1093 1198 1223 1234 1265 1287 1631 1824 2026 2027 2454 2670
race 116 250 317 402 486 497 499 564 572 595 596 727 792 851 996 1017 1369 3374
rang 644 734 815 839 912 941 1020 1209 1295 1389 1463 1468 1505 1657 1664 1709 2459 2900
rape 116 155 250 317 402 434 497 595 596 725 732 996 1000 1157 1225 1818 2200 3375
rems 17 117 196 251 403 598 601 859 997 1006 1139 1238 1297 1438 1466 1580 1591 1843
rick 499 575 719 786 851 857 858 864 958 1004 1241 1296 1419 1445 1498 1514 2904 3379
rive 319 402 404 499 600 696 759 918 1000 1001 1141 1171 1213 1298 1299 1403 1592 1980
roes 17 119 163 221 231 320 407 502 637 672 813 859 935 978 1005 1301 1700 2034
rope 321 406 439 449 509 697 706 727 809 989 1000 1002 1003 1141 1277 1848 2033 3150
sall 156 256 270 373 475 487 507 527 608 757 860 926 937 1011 1618 2465 2684 2911
sang 52 157 644 726 815 839 912 941 1008 1020 1148 1209 1389 1494 1505 1668 1682 1709
seal 255 408 444 551 586 610 692 743 825 854 929 1009 1011 1034 1473 1506 1901 2917
segs 18 87 199 403 566 588 610 611 613 627 646 700 1272 1417 1474 1476 1478 3805
side 53 404 427 503 606 615 616 618 758 976 1027 1159 1307 1399 1905 2152 2272 3388
slot 619 621 863 1014 1149 1309 1486 1491 1678 1680 1681 1854 1913 2065 2135 2251 2277 2285
sock 556 569 650 833 846 858 864 866 908 919 1007 1275 1310 1337 1411 1863 2282 3168
sola 327 410 504 1151 1194 1318 1442 1488 1538 1863 2049 2050 2051 2053 2280 2478 2612 2698
soys 120 159 197 200 201 202 409 410 431 532 620 683 752 1153 1221 1232 1248 2053
sums 203 411 620 622 771 867 868 975 1006 1012 1094 1155 1235 1493 1632 2062 2482 3610
teal 444 551 586 626 692 735 744 746 825 854 869 929 1034 1316 1506 1872 1901 2292
teas 56 207 258 315 470 610 626 627 743 747 869 870 871 1414 1872 1898 2292 3410
teed 56 198 492 514 536 542 553 597 668 966 1097 1271 1316 1691 1873 2067 2070 2492
tell 259 377 445 478 507 743 747 894 930 1011 1037 1057 1161 1316 1335 1793 2293 2710
tels 56 207 258 446 611 627 744 746 827 870 871 895 939 1317 1358 2151 2293 2710
tent 258 282 332 344 383 399 555 612 799 814 856 869 878 1023 1058 1691 1693 2934
tire 19 162 206 242 359 388 518 544 618 628 873 1159 1191 1402 1504 1876 2491 2711
toot 413 430 530 621 705 817 1140 1162 1164 1245 1500 1586 1695 1878 1880 2296 2494 2498
tora 19 210 327 329 413 876 1163 1262 1318 1350 1501 1587 1881 2212 2297 2400 2941 3188
toys 58 59 88 89 163 208 210 261 414 431 532 629 683 741 1221 1232 1248 3407
tugs 28 208 274 330 401 482 510 540 545 603 627 685 820 877 1100 1503 1508 2946
vans 31 55 60 70 83 108 157 262 285 351 630 631 836 1025 1505 2080 2502 2724
vees 16 17 18 38 56 76 90 127 136 182 380 776 1045 1169 1324 1700 2081 2082
wake 61 211 216 253 265 300 308 317 461 506 513 541 632 642 880 1096 1326 1705
wall 265 270 333 373 475 487 507 527 633 733 926 937 1037 1618 2084 2085 2312 2735
wide 64 404 417 418 427 518 632 737 759 976 1027 1041 1159 1399 1516 1893 1905 2152
wive 64 417 418 513 518 696 730 758 918 1041 1171 1213 1403 1516 1592 1893 1980 2093
yins 3 5 22 42 44 54 57 65 66 118 138 183 340 420 465 761 1336 1710
yips 153 220 318 326 337 387 392 412 460 463 468 710 760 888 1710 1899 2318 2972
aids 269 340 345 389 500 543 670 959 1104 1339 1340 1507 1523 1710 1905 2325 3217
anes 421 422 423 890 891 1047 1183 1338 1342 1449 1526 1715 1906 2107 2325 2327 3659
bail 270 474 633 677 714 793 852 860 1018 1167 1250 1267 1409 1914 2329 2531 3235
bend 272 344 643 931 955 998 1038 1116 1188 1344 1455 1477 1540 1549 1691 1698 1908
boas 33 129 167 168 169 215 347 349 431 701 1048 1189 1351 1615 1721 1771 2539
boll 214 270 428 703 768 770 894 1051 1161 1287 1538 1539 1572 1845 1914 2119 2426
bolt 428 430 481 767 780 807 1050 1051 1053 1189 1376 1538 1539 1542 1543 2405 2730
buck 526 539 640 650 684 819 835 848 866 906 1004 1165 1181 1222 1345 1395 2122
bull 214 270 651 724 767 894 1071 1093 1198 1223 1234 1265 1631 1824 2122 3469 3470
bums 67 170 274 275 342 350 432 525 742 975 1006 1094 1235 1548 1551 1632 3471
bunt 67 344 526 791 902 993 1055 1095 1113 1469 1534 1549 1733 1748 2124 2344 2529
cage 0 94 130 131 216 276 279 434 436 595 607 822 1080 1326 1452 1552 3245
carl 0 11 352 353 435 527 528 943 1068 1114 1356 1357 1380 1737 2571 2607 2772
cash 436 437 477 522 716 816 995 1083 1086 1328 1381 1565 1669 1746 1923 2544 3010
cees 16 17 18 38 56 76 90 127 136 182 380 755 1045 1197 1358 1554 1924
cine 9 39 53 64 79 93 131 133 152 162 187 225 263 582 778 887 1191
cite 94 243 273 304 319 360 418 503 531 777 950 977 1191 1228 1563 1738 3477
code 7 132 133 217 276 438 439 529 531 972 1002 1065 1110 1276 1537 2545 2552
colt 217 281 481 530 768 781 807 1060 1061 1194 1359 1376 1742 2348 2405 2730 2780
cost 174 437 530 707 780 963 990 1164 1363 1378 1406 1708 1742 1746 1928 2348 3251
dark 213 218 331 353 476 549 584 913 1106 1201 1202 1204 1472 1647 1758 2356 2560
dear 302 408 425 444 552 587 626 855 882 1069 1075 1179 1226 1270 1568 1751 2783
deet 38 282 515 536 655 893 1069 1103 1211 1373 1427 1752 1999 2140 2146 2361 3021
dews 36 38 101 177 446 591 613 871 944 969 1273 1371 1410 1521 1753 2360 3023
dick 358 539 575 656 719 729 864 919 958 1241 1372 1419 1445 1498 1514 1758 1939
dike 39 359 360 616 656 693 830 844 873 897 918 1203 1400 1577 1796 2141 2370
dims 3 98 134 220 283 357 447 601 657 789 1012 1203 1242 1340 1756 1822 2308
diss 3 134 220 283 357 447 450 576 788 986 1423 1517 1606 1756 1939 2562 3258
dune 39 99 180 571 660 791 914 923 1206 1575 1577 1697 1851 1947 2147 2371 2614
dunt 180 282 772 790 917 923 993 1095 1113 1206 1379 1469 1748 2146 2529 2568 2569
face 102 222 361 454 455 486 541 564 572 663 725 794 1017 1074 1369 3038 3289
fail 474 633 677 714 764 852 860 925 926 1018 1167 1250 1267 1380 1387 1409 2157
fice 225 385 479 499 544 615 656 718 792 795 896 1170 1213 1274 2378 3279 3289
file 181 225 241 417 544 600 628 649 720 794 932 1029 1213 1581 2378 2805 2806
fops 46 58 69 186 192 201 287 347 364 457 472 563 639 935 936 1221 1450
fubs 350 364 366 411 545 602 654 658 662 666 847 877 1079 1091 1125 1224 1590
gast 290 309 415 424 437 489 691 800 928 1083 1208 1323 1394 1650 1781 2591 3052
gent 282 332 344 383 399 459 555 612 748 800 814 856 878 1058 1391 2174 3295
gest 384 416 493 647 665 680 798 799 837 999 1023 1026 1247 1391 1394 1711 1781
gies 182 183 227 357 460 548 567 667 669 670 672 843 872 1087 1324 1392 2595
goos 113 168 172 249 372 570 671 672 884 940 1084 1231 1232 1596 1771 1773 2320
gore 7 8 19 47 106 154 160 334 348 365 1180 1230 1253 1965 2185 2389 3063
hade 137 184 276 376 461 462 469 550 573 606 632 641 663 1236 1399 1791 3717
hank 521 549 634 675 810 941 942 1008 1089 1105 1201 1295 1497 1784 2094 2396 2601
hoke 139 461 464 529 682 702 721 809 874 1090 1150 1400 1405 1407 1610 1705 1900
holt 139 378 481 681 768 780 1085 1088 1244 1245 1376 1406 1787 2192 2193 2405 2730
hook 524 556 652 940 962 1089 1244 1245 1300 1310 1500 1607 1788 1823 1975 1986 2194
hope 139 186 439 449 464 509 682 697 706 732 806 989 1090 1277 1405 1407 3078
hunk 296 526 684 805 821 923 1089 1095 1137 1154 1408 1589 1780 1977 2202 2402 3076
jabs 175 204 232 234 288 322 379 433 466 483 512 559 662 812 945 948 1098
jars 11 20 25 29 49 62 143 232 369 379 559 630 811 945 1072 1126 2607
joes 163 221 231 233 380 381 466 560 637 672 731 935 947 978 1248 1700 3745
kent 282 332 344 383 399 555 612 688 748 799 856 878 1058 1103 1418 2414 2845
lang 142 644 694 726 734 839 912 941 1020 1105 1112 1209 1389 1505 1619 1709 1803
lash 382 477 522 565 691 716 775 995 1083 1086 1255 1328 1381 1565 1669 2226 3335
loot 430 471 530 570 621 705 750 962 963 1140 1245 1431 1586 1625 1804 1806 2424
lose 106 307 565 697 698 921 963 964 1003 1110 1135 1405 1430 1624 1626 1649 3556
luck 539 569 684 689 769 821 835 848 866 958 1004 1165 1181 1222 1395 1629 2866
lugs 43 274 306 401 482 540 545 566 603 685 753 1100 1508 1630 1632 1993 3104
lunk 386 526 571 810 819 923 1105 1112 1113 1137 1154 1589 1780 1994 2202 2628 2866
mage 12 24 77 107 147 308 572 573 595 607 773 824 1080 1326 1452 1633 2867
main 474 715 853 861 879 925 951 1019 1056 1081 1101 1322 1807 1808 1997 2630 3105
maze 24 77 107 147 308 572 573 822 996 1074 1107 1236 1390 1567 1633 3342 3347
meal 444 478 551 586 692 735 743 854 929 1034 1436 1506 1811 1812 1901 2433 3346
meds 26 146 196 389 491 523 664 700 827 870 938 968 969 974 1438 1512 1902
mels 112 446 478 480 611 700 747 826 895 939 967 968 969 1358 1437 1438 2151
mere 24 47 242 590 679 915 1059 1119 1146 1382 1439 1637 1813 1891 2433 3345 3347
mibs 111 240 389 392 447 480 576 599 614 648 666 669 831 838 957 970 1098
mike 79 241 242 243 308 479 616 693 702 787 844 873 897 1117 1400 1440 1796
mirs 25 240 242 245 389 392 480 576 829 970 1212 1422 1441 1523 1675 2635 2636
mist 309 390 576 707 971 1109 1117 1121 1176 1243 1385 1394 1928 2000 2211 3109 3111
mock 556 569 575 577 650 699 739 835 846 858 908 919 1275 1337 1411 1641 2435
mold 81 112 481 681 703 1051 1060 1151 1229 1319 1331 1437 1442 1584 1638 1642 1816
muck 539 575 684 699 769 819 833 848 866 1004 1165 1181 1222 1266 1395 2006 2871
nans 31 55 60 70 83 108 157 285 310 351 394 483 484 754 1447 2641 2642
nest 384 416 493 647 665 680 800 999 1023 1026 1247 1444 1711 2008 2644 2645 2875
nibs 311 447 483 485 599 614 648 666 669 710 829 957 1098 1125 1819 1822 2009
pang 83 247 644 726 734 815 845 912 941 1020 1136 1209 1289 1389 1453 1505 1709
pase 82 84 247 398 436 486 488 489 497 565 645 716 841 1135 1452 1886 1949
pave 82 84 247 279 301 398 402 455 486 513 547 550 609 840 1122 1452 1763
peck 395 719 846 848 982 984 1129 1296 1345 1372 1454 1601 1820 1959 1983 2158 3133
pies 5 16 85 153 357 494 567 801 872 986 1087 1131 1324 1456 1461 2015 2445
pike 152 616 693 718 720 721 787 830 873 897 1400 1654 1796 2025 2659 2662 3361
ping 5 152 592 694 839 916 985 1132 1136 1148 1160 1252 1286 1289 1330 1468 1903
pock 395 556 569 650 719 739 833 842 848 858 908 919 1275 1337 1411 1836 3140
pubs 86 195 350 401 411 594 602 654 658 723 797 849 850 877 992 1091 1125
puck 395 539 684 719 769 819 835 842 846 866 1004 1137 1165 1181 1222 1395 2453
purs 49 86 195 275 401 442 594 723 847 850 992 994 1590 2027 2257 2652 2896
puss 86 195 401 432 488 579 594 723 847 849 911 986 992 1155 1224 1655 2743
rack 395 623 640 675 689 699 725 729 858 1004 1007 1172 1295 1296 1519 1608 3374
rail 474 633 677 714 764 793 853 860 1018 1167 1250 1267 1409 1462 1842 2035 2673
rain 715 823 852 861 879 925 951 1019 1056 1081 1101 1322 1462 1842 2673 2677 3605
real 444 551 586 692 735 743 825 855 929 1034 1464 1465 1506 1901 2460 2461 2463
rear 302 408 425 552 587 626 783 854 882 1075 1179 1226 1270 1464 2460 2461 2679
rent 282 332 344 383 399 555 612 748 799 814 878 998 999 1058 1469 1657 2258
rink 118 358 386 391 467 517 592 617 729 933 1099 1295 1393 1468 1660 1825 2904
rock 556 569 650 729 739 833 846 851 908 919 1004 1275 1296 1300 1337 1411 2034
roms 119 244 251 320 407 502 601 620 629 657 722 728 731 1006 1124 2034 2906
sail 474 633 677 714 733 764 793 852 861 1018 1167 1250 1267 1409 1667 2281 2465
sain 715 823 853 860 879 925 951 1019 1056 1081 1101 1322 1667 1856 2040 2274 2284
seep 18 198 983 1009 1010 1102 1175 1302 1346 1373 1475 1609 1672 1821 2081 2704 2919
shot 325 621 738 1147 1305 1481 1491 1681 1854 2044 2045 2065 2285 2471 2689 2690 3136
sick 575 615 617 719 729 739 786 866 958 1007 1241 1419 1445 1482 1498 1514 2268
slam 619 1013 1214 1303 1308 1473 1483 1484 1485 1487 1496 1558 1671 1684 1910 2180 2276
suck 539 684 739 769 819 835 848 864 1004 1007 1154 1165 1181 1222 1395 2929 3175
suds 203 409 411 525 622 723 742 868 974 1066 1070 1079 1155 1826 2062 2482 3396
sups 158 201 203 326 411 594 622 742 867 1155 1199 1207 1503 2062 2318 2482 3177
teat 255 426 490 626 743 744 748 1023 1076 1237 1436 1444 1872 1874 2292 2934 2948
teds 56 196 205 207 258 261 491 523 627 664 744 747 826 871 938 1512 1902
tews 56 59 122 207 258 591 613 627 744 747 785 870 944 969 1273 1410 1521
ties 56 57 163 260 357 412 567 801 843 1024 1087 1317 1324 1696 2070 2295 2489
tike 162 506 616 628 693 749 787 830 844 874 897 1159 1400 1796 1876 1885 3404
toke 19 209 328 506 509 529 702 721 806 873 875 1150 1320 1610 1705 1885 1900
tome 19 209 328 438 448 508 509 578 629 682 874 987 1123 1152 1320 1876 3190
tory 19 210 329 413 653 751 920 1163 1501 1694 1881 2297 2389 2427 2713 2715 2940
tubs 204 330 350 411 510 602 654 658 753 797 847 1091 1125 1503 2499 2945 2946
vent 282 332 344 383 399 555 612 748 799 814 856 1026 1058 1698 2503 2958 3202
wain 633 715 823 853 861 881 925 951 1019 1056 1081 1101 1322 1509 1510 1703 2732
wame 61 130 211 235 265 289 323 356 454 462 508 513 632 756 1268 1326 1413
warn 61 62 266 331 528 635 879 892 1021 1033 1202 1332 1612 1701 1702 2095 2149
wear 302 408 425 552 587 626 783 855 1034 1036 1075 1179 1226 1270 1888 2507 2963
welt 332 416 515 655 967 1037 1050 1284 1329 1359 1391 1418 1579 1889 1890 1892 2314
woos 113 168 172 249 268 335 336 570 637 638 639 802 1706 2092 2315 2320 2514
yill 110 181 214 219 248 256 259 293 333 371 501 511 561 687 709 1046 1335
zaps 10 27 34 71 73 74 109 126 155 158 185 212 310 337 888 1044 2097
zine 9 39 53 64 79 93 152 162 187 225 263 420 582 777 1522 1903 3644
zips 153 220 318 326 387 392 412 420 460 463 468 710 761 886 889 1182 2097
zits 85 128 134 227 237 257 260 269 294 299 363 419 420 485 888 1182 3835
apes 421 422 423 763 891 1047 1127 1183 1338 1342 1527 1715 2527 2992 2993 3452
awes 421 422 423 763 890 1047 1128 1183 1338 1342 1715 2112 2155 2530 2760 2998
barn 20 92 213 271 528 881 1021 1052 1054 1202 1529 1612 1718 2095 2114 2149
beet 127 344 426 515 647 784 1050 1103 1187 1211 1346 1427 1531 1999 2533 2765
bell 214 270 377 445 478 746 767 770 895 930 1011 1037 1050 1057 1335 1793
bels 127 166 272 341 446 523 611 646 747 827 894 939 1050 1358 1533 2151
bice 93 273 385 427 479 499 615 649 656 718 794 897 1170 1274 1347 2334
bike 93 273 427 616 642 649 693 787 830 844 873 896 1347 1400 1796 2334
bonk 429 521 524 526 650 900 1089 1195 1349 1540 1641 1724 1895 1916 2319 2418
boon 168 355 430 471 495 524 704 1052 1084 1162 1489 1648 1725 1904 1915 2340
bork 213 348 524 650 898 910 1052 1053 1204 1350 1532 1535 1588 1707 1836 1916
brat 426 1189 1233 1348 1351 1352 1388 1544 1545 1546 1728 1729 1730 1839 1945 3008
bung 67 526 644 772 1112 1136 1206 1349 1408 1494 1502 1549 1664 1733 1734 2344
bura 275 651 904 905 1054 1350 1354 1550 1733 1734 1867 1919 1948 2005 2407 2995
burd 271 275 651 903 905 1054 1067 1354 1549 1550 1734 1868 1919 2118 2648 2721
burr 275 651 903 904 1054 1354 1367 1550 1734 1919 2148 2257 2332 2639 3670 3673
busk 432 526 769 1055 1185 1266 1355 1762 1852 1916 1977 2077 2122 2139 2333 2769
chat 325 1190 1360 1361 1739 1742 1831 1874 1925 1927 1984 2086 2128 2129 2175 2346
cock 556 569 650 652 739 833 846 858 910 919 1195 1275 1337 1411 1930 3016
cony 68 133 653 1061 1133 1195 1363 1561 1694 1724 1744 1933 1934 2002 2350 2778
cork 7 173 353 440 652 653 900 908 1064 1195 1204 1562 1588 1707 1745 1836
cuss 174 432 442 533 579 654 850 1066 1155 1197 1199 1224 1924 2139 2743 3682
dang 70 644 726 734 815 839 916 941 1020 1201 1206 1209 1377 1389 1505 1709
dart 218 266 375 435 574 585 782 927 1022 1202 2144 2206 2355 2356 2559 2782
dene 39 99 177 282 790 915 1374 1375 1673 1908 2141 2174 2358 2371 2643 2786
dere 8 218 359 590 660 679 828 914 1059 1146 1374 1375 1382 1891 2141 2359
ding 3 39 358 694 845 912 917 1148 1160 1206 1252 1330 1377 1468 1757 1903
dint 3 39 282 358 695 791 916 971 1132 1401 1534 1693 1757 2144 2361 3257
dive 39 359 360 656 696 730 759 787 922 1171 1203 1213 1403 1592 1980 3025
dock 539 556 569 650 739 786 833 846 858 908 1204 1275 1337 1372 1411 1569
dory 8 538 653 876 1204 1205 1571 1760 1761 1940 1941 1942 2363 2389 2427 2565
dose 8 99 179 448 449 450 451 818 922 1003 1135 1378 1405 1570 1574 1649
dove 8 99 179 448 449 451 918 921 964 1065 1090 1141 1264 1570 1574 2093
dunk 180 358 526 539 790 791 810 821 1137 1154 1201 1206 1589 1762 1780 2202
dyes 38 221 313 357 423 452 659 1024 1301 1333 1435 1461 1617 1735 2570 2797
fain 715 793 823 853 861 879 951 1019 1056 1081 1101 1322 2157 2377 2812 3039
fall 181 270 373 475 487 507 527 733 757 793 930 937 1223 1380 1618 3510
fart 102 266 375 435 574 585 913 928 1022 1073 1078 1380 1951 2206 2376 3038
fast 290 309 415 424 437 489 665 691 798 927 1208 1323 1381 1385 1650 3038
feal 444 551 586 692 735 743 825 854 930 1034 1075 1076 1210 1506 1901 2382
fell 181 377 445 478 746 894 926 929 1011 1037 1057 1210 1223 1335 1579 1793
fend 286 542 765 955 998 1038 1116 1383 1455 1477 1691 1698 1767 2815 3041 3278
fils 22 181 363 456 480 543 666 795 1212 1317 1339 1581 2009 2650 2805 2806
fink 22 225 358 386 391 467 517 592 617 857 1099 1383 1384 1393 1589 1825
flat 619 1076 1214 1215 1216 1217 1218 1348 1386 1388 1582 1765 2163 2250 2580 2804
foes 136 163 221 231 287 364 457 637 672 731 796 813 936 978 1221 1700
foss 48 174 287 349 364 414 450 457 698 796 935 947 1077 1221 1224 1254
gall 270 367 371 373 475 487 507 527 546 733 757 926 1234 1618 2589 3879
geds 182 196 226 370 459 491 523 664 670 671 826 870 939 1512 1591 1902
gels 182 370 446 459 546 611 747 827 895 938 1358 1391 1591 1779 1960 2151
gook 524 652 802 808 962 1084 1231 1300 1310 1500 1596 1773 1823 1986 3065 3297
hang 644 726 734 805 815 839 912 942 1020 1209 1389 1404 1408 1505 1709 1784
hant 290 375 555 805 941 1032 1085 1095 1401 1453 1657 1784 1922 1966 1967 1970
harl 137 373 375 549 677 678 774 1114 1239 1380 1599 1969 2198 2395 2571 2607
hews 23 291 292 554 591 613 785 871 969 1238 1273 1398 1410 1521 2398 3525
jams 72 98 105 161 232 251 278 342 374 379 397 559 811 812 1178 3312
jigs 232 240 283 346 405 456 465 494 548 560 1028 1039 1098 1100 1182 1557
joss 48 174 233 349 381 414 450 466 560 698 813 936 1248 1254 1978 2406
kabs 175 204 234 288 297 298 322 433 483 512 562 662 811 1794 2204 2410
kane 52 91 131 142 147 187 211 222 247 368 1025 1246 1412 1413 2205 2614
kite 187 243 273 299 304 319 360 418 503 778 977 1228 1796 2846 3097 3334
lain 715 823 853 861 879 925 1019 1056 1081 1101 1322 1424 2213 2216 2223 3549
lard 143 271 352 635 678 981 1073 1106 1143 1269 1334 1424 1619 1805 2215 2852
lavs 1 43 74 75 105 143 145 188 234 301 382 690 1315 2502 2617 3104
lead 302 470 692 955 1108 1344 1464 1568 1600 1620 1801 1811 1987 2217 2857 3552
lend 303 383 765 931 954 998 1038 1116 1455 1477 1619 1691 1698 2618 2857 3552
less 76 236 303 382 384 470 566 698 968 1077 1621 1798 1924 1978 1989 2008
libs 44 234 237 305 387 447 567 599 614 648 666 669 829 838 959 1098
lick 385 386 569 575 689 719 729 786 819 864 1241 1419 1445 1498 1514 2620
lids 44 188 237 345 387 389 500 543 567 670 762 957 1104 1507 1710 2858
lino 9 44 386 694 695 1257 1384 1421 1757 1800 1894 2219 2221 2505 2618 2858
lipe 9 304 385 387 388 568 693 696 697 1000 1307 1516 1623 1654 2972 3102
look 471 524 569 570 652 808 817 940 1300 1310 1431 1500 1625 1804 1823 1986
lost 384 691 698 707 781 817 818 990 1109 1164 1378 1406 1434 1708 1806 2424
love 106 301 307 696 697 818 922 1065 1090 1110 1141 1264 1430 1624 1626 2093
lure 106 388 441 571 660 994 1119 1258 1432 1628 1629 1688 1993 2227 2629 2866
meed 198 492 514 536 542 553 597 668 745 1097 1116 1271 1437 1811 1998 1999
melt 390 478 481 655 827 883 1050 1284 1359 1391 1418 1436 1437 1579 1634 1999
mess 48 239 576 579 700 826 827 956 969 1077 1438 1924 1978 2008 2633 3107
mews 15 148 591 613 700 785 826 827 871 944 968 1273 1410 1438 1521 3346
mics 240 389 392 473 479 480 575 576 577 829 831 1131 1482 2295 3108 3566
mint 79 390 391 695 832 917 1132 1261 1401 1534 1639 1693 2000 2232 2634 3111
mode 26 47 81 393 573 578 702 706 779 1002 1110 1264 1276 1537 2234 3112
mort 47 245 413 481 574 705 707 1053 1078 1118 1177 1262 1291 1311 1640 1645
muds 26 146 389 482 525 579 580 708 723 826 867 975 1066 1070 1079 1826
mums 244 482 579 580 708 742 771 974 1006 1094 1235 1438 1632 1646 3564 3565
nide 404 427 582 737 758 977 1027 1159 1274 1276 1399 1905 2152 2647 3116 3117
nite 243 273 304 319 360 418 485 503 582 778 950 976 1228 1274 1446 3117
noes 163 221 231 311 312 583 637 672 711 731 813 935 1124 1700 2238 3573
ores 313 422 1127 1128 1279 1280 1281 1448 1449 1451 1651 1696 2403 2440 2883 3130
outs 170 195 246 510 533 558 580 605 674 713 1249 1278 1826 2440 2652 2882
pard 49 84 271 352 584 585 635 678 952 1073 1143 1269 1334 1827 2013 2242
peek 16 492 842 983 984 1130 1173 1282 1283 1302 1415 1454 1659 1770 1797 1998
peep 16 492 862 982 1102 1130 1175 1282 1283 1346 1373 1609 1821 2081 2661 2893
perk 584 590 842 982 1285 1454 1532 1637 1830 1836 2660 2661 2748 2886 2975 3091
piny 5 152 592 845 1132 1133 1257 1286 1515 1653 1877 2016 2456 2727 2889 2890
piss 5 85 153 488 494 576 789 843 850 1131 1423 1456 1517 1606 2247 3362
pome 154 191 316 438 448 578 682 721 722 875 989 1123 1135 1152 2450 2892
pood 249 495 1134 1231 1290 1457 1585 1607 1642 1706 1835 1846 2022 2253 2448 2451
pope 154 191 192 316 439 449 509 697 706 721 732 809 987 1135 1277 1654
post 489 493 707 781 963 1135 1164 1291 1292 1378 1406 1708 1837 1838 3365 3593
pule 82 191 720 724 992 994 1662 1817 2014 2025 2026 2076 2453 2454 2670 3433
puls 86 195 314 401 593 594 723 724 847 849 850 991 1779 2026 2454 2670
punt 86 399 772 791 1095 1113 1132 1136 1137 1294 1453 1469 1748 2456 2529 3142
pure 84 154 441 590 660 849 965 991 1119 1688 2025 2027 2028 2257 2453 2896
rash 477 497 522 716 775 816 1083 1086 1328 1381 1470 1565 1658 1669 2902 3378
raze 116 250 317 402 497 595 596 725 727 824 1074 1107 1236 1390 1567 3799
rebs 17 117 196 320 403 598 599 602 728 1139 1297 1371 1466 1819 1843 2508
rend 597 765 856 931 955 1038 1116 1455 1463 1464 1477 1660 1691 1698 2675 3386
rest 384 416 493 647 665 680 800 837 856 1023 1026 1247 1666 1711 2258 3378
ripe 318 319 404 499 600 727 730 732 961 1001 1298 1299 1307 1516 1654 2972
rise 319 404 497 499 600 730 1000 1003 1041 1117 1298 1299 1347 1665 1699 2904
rode 321 404 406 502 732 779 972 1003 1110 1141 1276 1537 1661 1848 2033 2462
rose 321 406 497 732 818 921 1001 1002 1135 1141 1405 1649 1665 1848 2033 3151
ruck 539 684 729 769 819 835 848 851 858 866 1165 1181 1222 1296 1395 1852
rues 17 602 603 604 605 622 659 731 1006 1092 1197 1301 1630 2419 2683 3604
rums 251 601 602 603 604 605 728 742 771 859 975 1005 1094 1235 1632 1663
sack 395 623 640 675 689 699 739 851 864 866 1008 1142 1172 1472 1519 1608
sank 52 157 521 617 634 734 805 1007 1105 1154 1201 1295 1472 1497 1668 2094
seel 18 198 735 862 1010 1011 1035 1210 1282 1302 1316 1416 1465 1475 1602 1672
seer 18 198 408 862 1009 1036 1069 1130 1187 1302 1426 1475 1672 1792 2082 3176
sell 256 377 445 478 611 733 735 746 894 930 1009 1037 1057 1335 1793 2915
sims 54 257 326 601 614 620 742 788 1242 1340 1482 1675 1822 2270 2308 2692
slag 619 865 1308 1386 1479 1483 1484 1485 1486 1495 1670 1861 1865 1929 2046 2273
slow 738 1149 1305 1308 1486 1536 1583 1677 1678 1833 2047 2061 2182 2277 2526 2912
sorn 160 327 329 440 1052 1111 1118 1311 1332 1458 1489 1490 1683 1974 2052 2699
spat 255 325 619 1145 1156 1313 1684 1685 1686 1687 1857 1864 2054 2285 2481 2700
tace 121 206 486 506 508 564 572 623 625 725 792 1157 1369 2483 2484 3179
tail 474 507 633 677 714 764 793 852 860 1019 1167 1250 1267 1409 1879 3613
tain 715 823 853 861 879 925 951 1018 1021 1056 1081 1101 1322 1875 3194 3195
tang 55 644 726 734 815 839 912 941 1160 1209 1389 1497 1499 1502 1505 1709
tarn 29 206 329 528 881 892 1019 1022 1202 1612 1871 2095 2149 2291 2302 2487
tart 29 206 266 375 413 435 574 585 913 927 1021 1871 2206 2291 2484 2709
test 384 416 493 647 665 680 748 800 837 869 999 1026 1164 1247 1711 2934
tyes 56 163 313 423 452 872 924 1301 1333 1435 1461 1617 1696 1735 2304 2949
vane 52 91 131 142 147 211 222 247 263 368 754 949 1168 1246 1505 1886
vest 384 416 493 647 665 680 800 837 878 999 1023 1247 1323 1711 2503 2958
vide 263 404 427 737 758 976 1029 1159 1170 1171 1399 1507 1699 1905 2152 2305
vigs 240 283 346 405 456 494 548 946 1039 1182 1324 1507 1508 1557 2308 2959
vile 241 263 417 511 600 628 649 720 795 1027 1168 1170 1171 1325 1699 2305
vows 15 23 35 59 101 120 169 194 233 238 312 336 339 407 631 1700
waes 60 62 63 90 123 164 212 264 267 512 637 667 676 1259 1333 1794
want 60 211 266 332 415 634 942 1327 1453 1510 1511 1657 1922 2083 2506 2742
wary 61 62 266 331 635 881 1511 1701 1702 2085 2310 2313 2872 2968 3200 3204
weal 444 551 586 692 735 743 825 854 882 929 1035 1037 1506 1888 1901 2507
weel 90 514 515 1009 1034 1036 1037 1173 1174 1175 1210 1282 1316 1416 1465 1602
weer 90 514 515 882 1010 1035 1069 1130 1173 1174 1175 1187 1426 1792 2082 2963
well 333 377 445 478 746 757 883 894 930 1011 1034 1035 1057 1335 1793 1890
wend 332 514 516 765 931 955 998 1040 1116 1327 1455 1477 1691 1698 1890 2970
wigs 65 123 240 283 346 405 419 456 494 548 638 946 1028 1182 1517 1557
wind 64 65 517 1038 1188 1261 1327 1330 1383 1515 1614 1660 1894 1972 2089 2970
wise 64 417 418 518 758 759 1001 1117 1176 1347 1516 1517 1699 1893 2091 2739
yobs 96 111 159 215 230 305 311 320 339 364 372 466 562 1043 2515 2749
yods 26 129 132 261 339 400 409 502 557 671 711 1042 1710 2515 2749 3831
zags 12 21 28 30 43 50 87 103 123 228 232 284 394 519 886 1182
zees 16 17 18 38 56 76 90 127 136 182 380 755 776 1902 2097 3434
zill 110 181 214 219 248 256 259 293 333 371 501 511 561 687 709 885
axes 421 422 423 763 890 891 1183 1338 1342 1451 1715 1950 2113 3000 3234
baas 2 20 30 31 32 124 126 341 342 343 766 1351 1721 2204 3235
bean 425 426 717 1108 1344 1530 1531 1720 1730 1751 1812 1888 1897 2404 2532
belt 344 426 647 655 768 883 893 894 895 967 1284 1359 1391 1418 1579
bold 428 681 767 768 834 1060 1151 1229 1319 1331 1538 1539 1540 1584 1717
born 329 348 440 892 899 900 1015 1053 1054 1111 1118 1332 1350 1458 1974
bort 348 413 430 768 900 973 1052 1078 1177 1189 1291 1311 1350 1542 1543
burn 275 651 892 903 904 905 1052 1354 1366 1550 1734 1919 2302 2344 2369
bust 424 432 647 772 906 1121 1355 1379 1434 1666 1781 2124 2408 2441 2769
cain 528 715 823 853 861 879 925 951 1019 1081 1101 1322 1555 1743 2127
cell 377 445 478 527 746 894 930 1011 1037 1198 1335 1358 1359 1793 3012
cent 282 332 344 383 399 555 612 748 799 814 856 878 1359 1748 1922
cere 0 7 441 590 679 828 915 1146 1191 1382 1738 1891 2545 2774 3246
cold 217 281 681 780 834 1051 1061 1064 1151 1194 1229 1319 1331 1584 2777
coly 217 281 653 780 909 1060 1194 1288 1363 1561 1744 1787 1816 1933 1934
coof 172 355 530 652 1063 1134 1196 1431 1596 1745 1788 1847 2092 2136 2553
coop 172 355 530 652 1062 1192 1196 1290 1773 1804 2131 2137 2194 2349 3017
cord 7 173 352 440 653 910 1060 1067 1219 1490 1518 1562 1745 1805 2777
cove 7 133 217 279 438 439 529 531 779 922 964 1090 1141 1264 2093
cuds 132 277 442 525 533 654 723 867 911 974 1070 1079 1197 1199 1826
curd 352 441 442 904 1064 1068 1365 1366 1367 1368 1868 1938 2557 2648 2721
curl 441 442 651 774 1067 1198 1365 1366 1367 1368 1938 1958 2027 2198 2649
deer 38 536 783 784 1010 1036 1130 1187 1373 1426 1792 2082 2140 2364 2570
duds 176 180 525 540 658 659 723 867 974 1066 1079 1207 1826 1947 2796
dull 219 445 724 770 1093 1198 1223 1234 1265 1572 1631 1824 2794 2795 3492
ears 11 20 25 29 49 62 143 369 630 661 812 1126 2149 2571 3035
fard 102 271 352 635 678 927 952 981 1143 1219 1269 1334 1380 1951 2376
faze 102 222 361 454 455 541 663 792 824 996 1107 1236 1390 1567 3287
fear 302 408 425 552 587 626 783 855 882 929 1076 1179 1226 1270 3511
feat 255 426 490 665 869 929 934 1075 1211 1237 1388 1436 1444 1579 2804
fess 136 224 286 664 665 936 956 968 1224 1580 1924 1978 2008 2159 2162
fort 365 413 927 973 1053 1177 1219 1220 1291 1311 1586 1587 1588 2583 3043
fuds 366 453 525 543 545 664 723 797 867 974 1066 1070 1224 1590 1826
gage 103 289 367 368 458 547 595 607 773 822 1225 1326 1390 1452 2588
gain 715 823 853 861 879 925 951 1019 1056 1101 1322 2393 2587 2592 3052
gamp 72 289 1425 1553 1656 1690 1750 1853 2172 2173 2590 2591 2723 2820 3293
gash 477 522 716 775 798 816 995 1086 1328 1381 1565 1669 1961 1964 2591
goon 355 471 495 704 802 899 940 1162 1231 1489 1596 1648 1773 1904 2390
halt 184 290 373 375 807 942 1088 1396 1634 1966 1967 1970 2602 2603 2684
hash 290 477 522 716 775 816 995 1083 1328 1381 1565 1669 1785 1976 2834
hies 138 231 294 357 463 567 676 801 843 872 1092 1242 1324 1605 1606
hilt 293 390 807 1085 1227 1243 1306 1329 1401 1420 1428 1692 1979 2836 3304
honk 140 464 556 805 808 810 898 1195 1244 1404 1641 1895 1975 2319 2418
hove 139 464 550 682 806 809 922 964 1065 1141 1264 1403 1405 1407 2093
hubs 230 296 350 411 558 602 654 658 685 797 847 877 1092 1094 1125
hues 231 296 558 622 659 676 685 1005 1087 1091 1094 1197 1630 2401 2419
hull 293 373 377 724 770 1071 1198 1223 1234 1265 1631 1824 2198 2402 3075
hums 296 374 558 685 742 771 975 1006 1091 1092 1235 1238 1242 1632 1789
hunt 296 555 772 791 810 942 993 1113 1401 1408 1469 1748 2529 3076 3077
jake 216 253 300 308 317 461 506 541 642 756 1246 1610 1791 1981 2200
jeed 198 380 492 514 536 542 553 597 668 745 966 1271 1609 1792 3090
jibs 447 465 466 599 614 648 666 669 811 829 838 946 957 2609 3315
jink 358 386 391 465 467 517 592 617 857 933 1393 1825 2202 3316 3317
jugs 232 274 401 482 540 545 560 603 685 753 820 946 1249 1508 3094
kain 715 823 853 861 879 925 951 1019 1056 1081 1250 1322 1612 3321 3749
keep 862 983 1103 1175 1346 1373 1415 1416 1609 1795 1821 2081 2207 3096 3323
keet 515 784 814 893 1102 1211 1415 1416 1418 1427 1795 1999 2207 2414 3542
kids 42 299 345 389 468 500 543 670 762 959 1422 1423 1507 1710 1985
lank 142 386 521 634 689 805 815 821 1008 1106 1201 1295 1497 1619 2094
lark 143 213 331 353 476 549 584 689 782 952 1105 1472 1647 2852 2866
laze 142 144 235 300 301 469 564 565 824 996 1074 1236 1390 1567 2854
lean 302 470 692 717 954 1049 1620 1751 1802 1812 1888 1897 1987 2217 2404
list 384 691 695 832 963 1176 1243 1385 1394 1428 1434 1928 2211 2218 3554
lode 106 307 469 697 779 818 964 972 1002 1276 1430 1432 1537 1624 1626
lorn 106 329 440 471 1015 1052 1118 1332 1458 1627 1802 1805 1974 2223 2427
lung 571 694 815 821 902 1113 1136 1206 1408 1494 1502 1664 1803 1994 2628
lunt 383 571 695 772 791 821 993 1095 1112 1434 1469 1748 1994 2529 2628
marl 24 25 474 475 476 574 774 943 1260 1380 1995 2431 2433 2571 2607
math 13 77 477 1186 1255 1636 1644 1652 1658 1785 2150 2228 2231 2439 3567
mend 765 931 955 966 998 1038 1261 1437 1455 1477 1691 1698 1811 2632 3344
mise 79 241 242 243 479 576 830 832 1001 1041 1347 1440 1699 2007 3109
morn 47 245 329 440 704 973 1015 1052 1111 1262 1332 1458 1974 2003 2233
mure 24 47 242 441 660 828 965 994 1443 1688 1817 2005 2006 2007 2639
mush 477 579 1121 1263 1266 1355 1470 1655 1964 1976 2007 2226 2303 2633 2871
must 309 579 707 832 1055 1120 1266 1379 1434 1666 1781 2007 2408 2436 2441
nave 279 301 402 455 513 547 550 609 841 1268 1763 1818 2640 3115 3571
nome 438 448 578 682 712 875 987 1124 1152 1268 1276 1277 1446 1649 2438
noms 244 311 312 583 620 629 657 711 722 859 978 1123 1822 2238 2438
nubs 311 350 411 483 602 654 658 797 838 847 877 1091 1278 1447 1819
oars 11 20 25 29 49 62 143 246 369 630 812 1072 2652 2877 3122
opes 313 890 979 1128 1279 1280 1281 1448 1449 1451 1651 2881 2882 3129 3587
owes 313 891 979 1127 1279 1280 1281 1448 1449 1451 1651 2155 3357 3358 3589
pecs 16 150 151 315 396 491 588 589 591 842 1131 1297 1474 1829 3133
peer 16 492 587 982 983 1010 1036 1069 1187 1282 1283 1426 1792 2082 2445
pics 5 85 153 396 494 718 719 843 970 986 1129 1456 1482 2245 2295
pint 5 152 399 592 695 845 917 971 985 993 1286 1401 1453 1534 1693
pony 115 316 909 985 1288 1289 1694 1724 1837 2002 2252 2253 2254 2449 2456
poof 249 495 988 1062 1290 1431 1457 1596 1788 1835 1847 2092 2451 2452 3592
pose 154 191 316 721 818 840 921 987 989 990 1003 1292 1405 1649 1837
pung 86 839 845 902 993 1112 1137 1206 1289 1294 1408 1494 1502 1664 2456
punk 86 526 592 810 821 848 923 993 1136 1154 1294 1589 1780 2202 2456
qats 1 2 4 6 13 40 41 51 63 95 223 246 262 297 661
reis 17 117 196 403 598 728 997 1297 1462 1466 1476 1843 1989 2677 3148
root 430 530 621 705 750 817 1245 1300 1586 1846 1847 2036 2262 3602 3804
rove 321 402 406 730 732 922 964 1002 1003 1065 1090 1264 1848 2033 2093
sacs 87 157 158 197 254 322 396 473 608 690 1007 1144 1474 1482 2080
sard 271 352 635 678 952 981 1073 1269 1334 1472 1490 1667 1668 1868 2464
sass 87 157 158 197 239 254 322 343 382 488 608 624 1142 1155 1669
scat 255 325 619 1016 1156 1313 1670 1671 1854 1857 2041 2263 2466 2467 2468
sere 160 590 618 679 828 915 1059 1382 1478 1673 1688 1891 2264 2687 2688
shit 325 863 1309 1513 1676 1687 1856 1862 1927 2043 2045 2267 2278 2287 3160
sing 53 54 617 694 734 845 916 1160 1252 1330 1468 1494 1682 1903 2693
slop 738 1014 1192 1481 1484 1486 1678 1859 1954 2018 2060 2277 2388 2685 2708
soke 160 253 504 505 529 616 702 721 806 874 1152 1610 1705 1900 2289
sold 410 504 681 740 834 1051 1060 1229 1319 1331 1490 1584 2051 2472 2698
some 160 323 438 448 504 505 578 620 682 875 987 1123 1150 1488 2264
sous 120 159 200 201 202 409 410 620 741 1312 2238 2282 2283 2480 2749
sunk 203 526 617 810 821 866 923 1008 1137 1494 1589 1780 2202 2929 3398
suss 203 411 432 579 622 742 850 867 868 911 1144 1224 2062 2482 2743
swat 255 325 619 1016 1145 1313 1495 1496 1857 1869 2063 2064 2065 2288 2948
tape 10 121 206 434 506 508 509 625 727 1017 1225 1818 2079 2200 2290
taus 6 10 28 29 55 122 161 204 205 624 1314 1315 2709 2724 3186
tide 162 404 427 628 737 749 758 873 976 1027 1399 1876 1905 2152 3187
ting 57 162 694 845 916 1020 1148 1252 1330 1468 1499 1502 1693 1877 1903
toll 209 259 507 703 746 767 1287 1318 1319 1572 1845 1879 1880 2426 3189
toon 329 355 471 495 704 750 899 1084 1489 1500 1648 1880 1904 2296 2299
toro 19 210 329 413 751 876 1501 1871 1881 2297 2491 2500 2714 2939 3407
tost 413 414 707 750 781 963 990 1023 1378 1406 1695 1708 1878 1882 2494
tuck 539 623 684 769 819 835 848 866 1004 1181 1222 1395 1498 2077 2722
tuff 1353 1364 1576 1778 1850 2004 2197 2225 2256 2490 2493 2947 3408 3615 3620
vail 474 633 677 714 764 793 852 860 1018 1250 1267 1322 1409 2501 2956
vale 82 107 121 125 156 184 250 265 367 534 1025 1029 1325 1412 1886
vets 117 151 166 199 207 224 236 262 292 370 581 636 686 755 3826
vice 263 385 479 499 615 656 718 794 896 1027 1029 1171 1274 1699 2305
vive 263 696 730 759 918 1027 1029 1170 1213 1403 1592 1699 1980 2305 2729
wack 331 395 623 634 640 675 689 699 851 1007 1514 1519 1608 2084 2734
week 90 514 515 982 1035 1036 1174 1175 1302 1415 1659 1770 1797 1998 2507
ween 90 514 515 1035 1036 1173 1175 1283 1475 1531 1795 1873 1888 2509 3634
weep 90 514 515 862 983 1035 1036 1102 1173 1174 1346 1373 1609 1821 2081
wist 415 416 832 1041 1109 1243 1329 1385 1394 1517 1708 1928 2091 2211 2739
wort 266 334 413 973 1053 1078 1291 1311 1332 1518 1707 1708 1892 1896 2742
yams 72 98 105 161 251 278 337 338 342 374 397 519 520 945 2316
year 302 408 425 552 587 626 783 855 882 1075 1226 1270 1897 1898 3426
yore 7 8 19 47 106 154 160 334 348 365 803 1253 1520 1900 2973
yuck 539 684 769 819 835 848 866 1004 1165 1222 1337 1395 1519 2974 3641
zigs 240 283 346 405 420 456 494 548 888 889 946 1028 1039 1044 1557
ages 421 422 423 763 890 891 1047 1338 1342 1715 2100 2101 2521 2752
balk 125 213 270 341 521 640 1185 1717 1870 1907 1920 2084 2122 2331
bask 213 343 424 521 522 640 645 906 1184 1810 1916 1923 2333 2485
bath 2 165 522 1115 1255 1652 1658 1719 1727 1785 2150 2439 2534 2762
beer 127 425 893 1010 1036 1069 1130 1346 1426 1531 1792 2082 2533 2535
bind 66 93 643 765 1040 1261 1383 1534 1540 1549 1614 1660 1972 2118
boat 426 430 766 768 901 1053 1348 1542 1543 1640 1742 1772 2362 2539
chaw 907 1360 1361 1480 1560 1739 1925 1926 1937 2128 2129 2346 2548 2936
cire 0 7 242 359 388 441 518 544 618 749 777 778 1059 1402
clop 1063 1149 1559 1954 2018 2131 2133 2134 2135 2137 2388 2549 2550 2776
coil 1196 1387 1743 1879 1914 1932 2001 2010 2035 2281 2551 2553 3012 3247
cola 217 281 740 780 1060 1061 1318 1442 1538 1930 1931 2552 2612 3018
conk 68 133 652 898 908 909 910 1089 1641 1895 2319 2350 2418 2778
cool 172 355 530 652 1062 1063 1193 1457 1643 1768 1880 1932 2514 2551
cues 442 533 622 654 659 776 911 1005 1066 1092 1199 1630 2419 2557
cull 527 724 770 1057 1068 1071 1093 1223 1234 1265 1631 1824 2780 3483
cups 34 69 442 533 594 654 868 911 1066 1197 1207 1503 1554 2318
dahs 21 36 37 70 71 98 175 176 535 1370 1564 1783 3436 3859
dank 70 358 521 634 782 805 912 923 1008 1105 1295 1497 2094 2560
darn 218 528 782 881 892 913 1021 1566 1612 2095 2149 2356 2369 3019
dime 39 356 359 360 448 568 656 787 788 918 1299 1375 1440 1876
dork 8 538 782 900 910 919 920 1205 1588 1707 1758 1761 1836 2565
dorm 8 538 920 1204 1220 1562 1761 1896 2185 2359 2365 2565 2876 3027
dung 180 790 791 902 912 916 923 1112 1136 1377 1408 1494 1502 1664
dups 71 180 220 540 594 658 659 868 1070 1199 1503 2147 2318 2796
east 290 309 415 424 437 489 691 798 928 1323 1650 1949 3690 3873
fang 222 285 644 726 734 815 839 912 941 1020 1389 1505 1709 2576
feel 136 542 929 930 1009 1035 1211 1282 1316 1416 1465 1602 3277 3285
feet 136 515 542 665 784 893 1076 1103 1210 1427 1579 1999 3046 3277
firs 22 363 456 543 544 666 831 932 1422 1523 1590 1675 2379 2807
five 225 455 544 696 730 759 794 795 918 1171 1403 1592 1980 2378
flam 865 934 1215 1216 1217 1218 1386 1558 1582 1765 1910 2163 2180 3042
flan 934 1214 1216 1217 1218 1362 1386 1582 1765 2103 2163 2249 3032 3196
flap 934 1214 1215 1217 1218 1386 1484 1559 1582 1765 1954 2163 2381 2384
flaw 934 1214 1215 1216 1218 1308 1386 1560 1582 1583 1723 1765 1766 2163
flay 934 1214 1215 1216 1217 1386 1485 1582 1741 1765 1955 2163 2579 2665
ford 365 1064 1073 1078 1220 1490 1518 1584 1585 1587 1588 1767 1805 2583
form 365 1078 1205 1219 1562 1587 1588 1896 1951 2185 2583 2807 2876 3042
foys 287 362 364 431 457 532 683 741 752 796 935 936 1232 1248
fuck 539 684 769 819 835 848 866 1004 1165 1181 1395 1589 2158 3284
full 181 724 770 926 930 1071 1093 1198 1234 1265 1631 1824 1958 3285
fuss 366 432 545 579 797 850 911 936 1077 1079 1155 1590 2743 3050
gape 73 289 367 368 434 458 547 727 1080 1157 1390 1818 2200 3290
gear 302 408 425 552 587 626 783 855 882 1075 1179 1270 3059 3520
gilt 371 390 1088 1306 1329 1391 1394 1420 1428 1692 1979 2176 2179 2819
gite 227 243 273 304 319 360 418 458 503 778 950 977 1592 2594
gold 681 834 1051 1060 1151 1231 1319 1331 1584 1595 1960 2176 3062 3064
gone 99 133 307 316 328 368 429 464 505 712 803 1522 2174 2184
good 802 940 988 1084 1229 1585 1595 1596 1607 1642 1706 1773 1846 3064
goys 104 372 431 532 671 672 683 741 752 802 1221 1248 1771 2394
grat 901 1388 1597 1598 1772 1774 1775 1839 1945 2175 2391 2392 2831 3060
gull 371 724 770 937 1071 1093 1198 1223 1265 1631 1779 1824 3067 3300
gums 72 673 674 742 771 975 1006 1094 1591 1632 1779 2394 2832 3301
haze 137 184 376 461 462 550 804 824 996 1074 1107 1390 1567 3524
heat 255 426 490 551 552 555 680 869 1076 1436 1444 1600 2188 2397
hems 292 374 554 728 944 1094 1242 1398 1438 1580 1591 1971 2398 2605
herl 377 551 679 943 1240 1398 1602 1603 1604 1786 2189 2191 2198 2433
herm 679 1239 1398 1599 1603 1604 1786 1830 2115 2191 2359 2486 2593 2604
hick 556 575 675 684 719 729 786 864 958 1419 1445 1498 1514 1601
hims 138 294 374 463 601 788 1012 1087 1094 1238 1340 1606 1822 2308
hist 290 680 832 1088 1109 1176 1385 1394 1401 1406 1606 1928 2211 3721
holk 139 378 556 681 807 808 1089 1787 1975 2192 2193 2402 3282 3430
hoot 430 530 621 705 750 807 808 817 1140 1406 1586 1607 1788 2194
jane 52 91 131 142 147 211 222 247 368 949 1025 1096 1791 2200
jest 384 416 493 647 665 680 800 837 999 1023 1026 1711 1978 2408
joys 233 379 381 431 466 532 560 683 741 752 813 947 1221 1232
juts 170 195 381 510 533 558 580 605 674 686 980 1100 1278 2203
kail 474 633 677 714 764 793 852 860 1018 1101 1167 1267 1409 3321
keps 468 563 589 598 688 1414 1417 1554 1899 2097 2208 2413 2414 3753
king 42 187 467 694 845 916 1148 1160 1330 1421 1468 1613 1614 1903
kore 7 8 19 47 106 154 160 334 348 365 803 1180 1616 2212
koss 48 174 349 414 450 562 563 698 936 947 1423 1615 1616 2416
lath 1 144 816 1115 1186 1652 1658 1785 1991 2150 2439 2616 2853 3335
limp 568 1425 1429 1433 2220 2221 2222 2270 2446 2623 2820 2839 2967 3554
liny 9 44 386 694 695 960 985 1515 1800 1877 2222 2622 2628 2727
lute 144 304 571 965 1432 1443 1563 1628 1629 1993 2123 2203 2629 3340
maes 12 13 25 78 108 109 146 148 239 473 667 676 1031 1794
mara 24 25 476 574 1114 1262 1635 1809 2005 2013 2431 2631 2868 2954
mind 79 391 971 1040 1116 1188 1383 1614 1638 1639 1660 1972 2232 2634
mora 47 245 327 751 973 1118 1260 1350 1442 1587 2005 2212 2400 3561
mosh 48 477 707 1120 1292 1541 1644 1746 1882 1961 2236 2406 2435 2633
move 47 81 393 578 702 706 922 964 972 1065 1090 1141 2093 2234
mull 110 475 478 703 724 770 1071 1093 1198 1223 1234 1631 1817 1824
musk 579 835 906 1120 1121 1762 1810 1852 1977 2006 2007 2077 2139 2435
nail 474 633 677 714 764 793 852 860 1018 1167 1250 1409 2010 3113
name 130 235 289 323 356 454 462 508 880 1122 1123 1413 1818 2640
nard 271 352 635 678 952 981 1073 1143 1334 1647 2648 2872 3349 3351
near 302 408 425 552 587 626 783 855 882 1075 1179 1226 1444 2873
need 198 492 514 536 542 553 597 668 745 966 1097 1821 2874 3351
negs 394 403 566 581 583 588 627 646 700 736 1273 1417 1819 2008
news 312 581 591 613 785 871 944 969 1272 1410 1521 1819 2008 2875
nice 385 479 499 582 615 656 718 794 896 976 977 1170 1445 3117
nock 556 569 650 739 833 846 858 908 919 1337 1411 1445 1820 1823
node 711 712 779 972 976 1002 1110 1123 1277 1446 1537 1649 2647 3118
nope 439 449 509 697 706 712 732 809 989 1123 1276 1446 1649 1818
nuts 170 195 485 510 533 558 580 581 605 674 980 1125 1249 1447
odes 313 979 1127 1128 1280 1281 1448 1449 1451 1651 2879 3081 3124 3579
okes 313 979 1127 1128 1279 1281 1448 1449 1451 1651 2153 2880 3414 3915
oles 313 421 979 1127 1128 1279 1280 1448 1449 1451 1651 2651 3126 3582
peel 16 492 586 982 983 1009 1035 1130 1210 1283 1316 1416 1465 1602
peen 16 492 717 982 983 1130 1174 1282 1475 1531 1795 1873 2244 2442
pelt 399 490 493 655 883 967 1050 1285 1359 1391 1418 1579 2014 3360
pert 399 490 493 585 590 984 1284 1291 1830 1892 2503 2660 2661 2886
pina 5 152 592 845 985 1132 1294 1613 1639 1887 2245 2246 2248 2662
poll 191 248 487 593 703 724 767 1161 1288 1457 1572 1845 2019 2426
poly 191 593 1061 1133 1287 1653 1787 1816 1837 2012 2019 2252 2254 2449
pong 115 316 839 845 1133 1136 1349 1377 1404 1499 1682 1803 2184 2253
poop 249 495 988 1063 1134 1457 1459 1773 1804 1835 2018 2194 2450 2451
port 154 413 585 973 990 1053 1078 1177 1285 1311 1458 1836 1838 3365
posh 716 990 1135 1263 1541 1655 1746 1837 1882 1961 2236 2247 2406 2451
prow 1459 1732 1747 1777 1833 1841 1883 1957 2022 2023 2024 2452 2669 2962
puna 86 993 1136 1137 1286 1733 1994 2026 2301 2455 2456 2613 2671 3370
rank 521 634 726 805 851 857 1008 1105 1201 1463 1497 1657 2094 2459
reck 729 842 851 858 1004 1297 1345 1372 1601 1659 1820 1959 1983 2158
recs 17 117 196 403 598 728 997 1129 1139 1296 1466 1474 1843 2034
rife 319 404 499 600 730 1000 1001 1299 1467 1623 1893 2032 2260 2378
rime 319 404 499 568 600 601 730 1000 1001 1203 1298 1440 1876 3601
rook 524 652 808 858 940 962 1140 1310 1500 1823 1846 1847 1986 2036
ryes 17 313 423 452 731 924 1005 1024 1333 1435 1461 1617 1735 3385
seek 18 198 862 982 1009 1010 1173 1415 1475 1659 1672 1770 1797 1998
sham 325 865 1360 1473 1479 1480 1496 1671 1684 1855 2042 2267 2916 2964
shew 1305 1480 1674 1677 1866 1926 2294 2473 2511 2701 3134 3158 3159 3163
show 863 1014 1304 1480 1481 2044 2047 2061 2471 2548 2689 2690 2912 3685
silt 256 390 1088 1227 1329 1420 1428 1692 1979 2268 2269 2472 2684 3162
sipe 53 326 503 615 616 618 737 961 1000 1516 1654 2272 2972 3177
slaw 619 865 1013 1014 1217 1480 1483 1484 1485 1560 1677 1723 2058 2696
slit 619 738 1147 1676 1680 1687 1859 1862 2276 2278 2287 2580 2920 3222
sook 524 621 652 739 808 940 962 1300 1489 1500 1823 1986 2282 3168
sort 160 327 413 621 973 1015 1053 1078 1177 1291 1490 1683 2697 2699
sour 1153 1573 1992 2020 2048 2195 2282 2283 2298 2383 2476 2480 2516 2926
stat 255 325 619 1016 1145 1156 1491 1857 1865 2056 2057 2058 2059 2705
taos 6 10 28 29 55 122 161 204 205 624 1158 1315 2642 3815
tavs 6 10 28 29 55 122 161 204 205 624 953 1158 1314 2502
teel 56 743 745 746 1009 1035 1210 1282 1416 1465 1602 1873 2067 3613
tils 57 259 260 412 480 628 747 872 932 1339 1692 2009 2295 2650
tola 209 740 751 1161 1194 1319 1442 1538 1689 2612 2710 2941 3188 3189
told 209 681 834 1051 1060 1151 1161 1229 1318 1331 1584 2492 2712 3189
tote 19 89 209 328 393 406 451 509 531 625 874 875 1446 2731
tree 1696 1917 1962 2068 2072 2169 2255 2304 2368 2716 2943 3191 3193 3618
vain 715 823 853 861 879 925 951 1019 1056 1081 1101 1167 2501 3201
vast 290 309 415 424 437 489 691 798 928 1026 1208 1650 1886 2955
vies 357 567 755 801 843 872 1028 1087 1507 1700 2306 2307 2308 3630
vole 81 139 179 191 209 217 321 428 504 1029 1168 1611 2730 2731
wage 61 123 211 265 513 595 607 632 756 773 822 880 1080 1452
wand 60 211 634 635 643 1032 1038 1040 1463 1511 1619 1668 1784 2970
wash 415 477 522 716 775 816 995 1083 1086 1381 1565 1669 2091 2733
wilt 333 390 417 883 1088 1176 1227 1306 1420 1428 1692 1979 2089 2090
wing 64 65 517 694 845 916 1040 1148 1160 1252 1468 1515 1894 1903
wold 681 834 1051 1060 1151 1229 1319 1518 1584 1706 1890 2089 2741 3423
worn 329 334 440 881 1015 1052 1111 1118 1177 1458 1518 1707 1896 1974
wyes 90 313 423 452 637 924 1024 1031 1301 1435 1461 1617 1735 2744
yard 271 352 635 678 952 981 1073 1143 1269 1520 2095 2746 3425 3427
yell 377 445 478 746 885 894 930 1011 1037 1057 1793 2317 2971 3210
yens 150 177 258 272 286 303 459 516 554 688 760 1521 1898 1899
yock 556 569 650 739 833 846 858 908 919 1181 1275 1411 1519 3430
aces 421 422 423 763 890 891 1047 1183 1342 1715 2099 2751 3080
ails 269 340 480 762 932 1317 1340 1523 1525 2009 2098 2650 2760
aims 269 340 601 762 788 1012 1242 1339 1523 1712 1822 2111 2308
alas 421 1525 1712 1713 1906 2103 2104 2322 2323 2518 2524 2752 2754
aves 421 422 423 763 890 891 1047 1183 1338 1715 2154 2996 2997
babe 91 92 125 165 641 642 645 1471 1633 2640 2761 3236 3461
bead 425 426 765 954 1049 1464 1530 1544 1568 1600 1720 1811 2532
beck 640 650 769 842 1296 1372 1530 1532 1601 1820 1959 1983 2158
beep 127 862 893 983 1102 1175 1187 1373 1531 1609 1821 2081 2533
bise 93 273 427 645 649 896 897 1001 1041 1117 1699 2333 2334
blat 426 619 901 934 1189 1723 1909 1910 1913 2250 2335 2765 3005
bong 429 644 898 902 1289 1377 1404 1499 1540 1682 1724 1803 2184
bora 327 348 751 900 903 1052 1053 1262 1538 1587 1726 2212 2400
bras 766 901 1048 1544 1545 1546 1547 1721 1728 1729 1730 2343 2572
brit 901 1547 1598 1731 1918 2121 2171 2341 2342 2531 2556 2969 3008
buff 1166 1364 1576 1716 1778 1850 2004 2197 2225 2256 2330 2767 3471
bury 275 651 903 904 905 1054 1550 1734 1919 2769 3049 3539 3674
bush 432 522 906 1055 1120 1470 1541 1655 1964 1976 2226 2303 2769
carb 0 11 352 353 435 528 774 1357 1718 1737 1938 2356 3053
carp 0 11 352 353 435 528 774 1356 1553 1702 1737 1969 2291
cels 281 446 611 747 776 827 895 939 1057 1359 1554 1924 2151
celt 655 780 883 967 1050 1057 1058 1284 1358 1391 1418 1579 2780
cham 907 1190 1303 1361 1558 1739 1925 1935 2128 2129 2346 2964 3476
chap 907 1190 1360 1559 1739 1740 1925 1936 2128 2129 2131 2346 2736
clan 1215 1558 1559 1560 1741 1929 2103 2132 2134 2249 3032 3196 3858
cosy 174 653 781 909 1061 1561 1744 1746 1837 1933 1934 3120 3151
cuff 1166 1353 1365 1576 1736 1778 1850 2004 2136 2197 2225 2256 3482
curf 441 442 1067 1068 1364 1366 1367 1368 1745 1938 2930 2947 3482
curn 440 441 442 528 1054 1067 1068 1365 1367 1368 1938 2302 2369
curr 441 442 905 1067 1068 1365 1366 1368 1737 1938 2148 2257 2639
curt 435 441 442 1067 1068 1365 1366 1367 1748 1938 2780 3077 3833
dace 218 356 443 486 534 564 572 656 725 792 1017 1567 1575
daks 21 36 37 70 71 98 175 176 535 1200 1564 2316 2877
debs 38 175 177 446 447 658 785 997 1753 1819 2360 2508 3021
deck 539 786 842 919 1296 1345 1601 1820 1959 1983 2158 3487 3684
deep 38 536 784 862 983 1069 1102 1175 1346 1609 1821 2081 2140
dele 179 445 446 534 655 914 915 1375 2014 2141 2293 2357 2561
deme 356 448 914 915 1203 1374 1813 1971 2141 2160 2264 2785 3255
dolt 179 481 537 655 768 780 807 1378 1572 2362 2405 2730 3026
dong 99 100 912 916 1206 1289 1349 1404 1499 1682 1803 2184 2790
dost 450 707 781 921 963 990 1164 1376 1379 1406 1708 2362 3026
dust 791 1055 1121 1378 1434 1666 1762 1781 2146 2408 2441 2568 2569
farl 102 774 793 926 927 943 1073 1114 1951 1958 2376 2571 2607
fash 477 522 716 775 816 928 995 1083 1086 1328 1565 1669 2808
fere 102 365 544 590 679 828 915 1059 1146 1891 2160 2161 3040
find 22 225 931 933 1040 1188 1261 1384 1614 1660 1767 1972 2815
fino 22 225 933 960 1383 1421 1581 1757 1894 2505 2576 2578 3279
fist 665 832 928 1109 1176 1243 1394 1928 2211 2804 2808 3512 3513
flag 934 1013 1214 1215 1216 1217 1218 1582 1765 1769 1929 2163 2166
foil 793 1193 1768 1879 1914 2001 2010 2035 2168 2281 2382 2812 2813
frat 901 934 1076 1233 1769 1839 1945 1955 2171 2384 2584 2804 3046
gang 368 644 726 734 815 839 912 941 1020 1209 1505 1709 2184
gaze 289 367 368 458 547 824 996 1074 1080 1107 1225 1236 1567
gelt 655 799 800 883 939 967 1050 1227 1284 1359 1418 1579 1960
gied 668 801 1593 1605 1755 1799 2015 2070 2176 2306 2387 2586 2595
gink 183 358 386 391 467 517 592 617 857 933 1099 1780 1825
gist 798 800 832 1109 1176 1227 1243 1385 1781 1928 2179 2211 2819
guck 539 684 769 819 835 848 866 1004 1165 1181 1222 1780 1959
halm 184 373 1085 1599 1907 1921 2192 2241 2429 2602 2603 2604 2833
held 377 553 681 1437 1600 1603 1890 1960 2190 2317 2604 2725 2835
hers 292 554 679 944 1238 1239 1240 1478 1603 1604 1786 2191 2398
hide 404 427 737 758 804 976 1027 1159 1400 1402 1403 1905 2152
hike 461 616 693 787 806 830 844 873 897 1399 1402 1403 1796
hint 138 555 695 917 942 971 1088 1095 1132 1243 1534 1693 1972
hire 137 242 359 388 518 544 618 679 749 1191 1399 1400 1403
hive 550 696 730 759 918 1090 1171 1213 1399 1400 1402 1592 1980
hong 140 464 941 1089 1289 1349 1377 1408 1499 1682 1803 2184 3526
hose 139 464 682 806 809 818 921 1003 1090 1135 1406 1407 1649
host 290 680 707 781 807 963 990 1164 1243 1245 1378 1405 1708
howe 23 139 464 682 806 809 1090 1405 1626 1975 2196 2973 3074
hung 296 810 902 941 1095 1112 1136 1206 1404 1494 1502 1664 3076
jail 474 633 677 714 764 793 852 860 1018 1167 1250 1267 2607
jews 233 380 559 591 613 686 785 871 944 969 1273 1521 1978
jock 556 569 650 739 833 846 858 908 919 1275 1337 1608 3320
kale 82 107 121 125 156 184 250 265 367 534 949 1168 1413
kame 130 235 289 323 356 454 462 508 880 949 1268 1412 3322
keas 315 470 610 688 744 1251 1417 1615 1898 2204 2208 2413 3547
keek 982 1102 1103 1173 1302 1416 1659 1770 1795 1797 1983 1998 2207
keel 1009 1035 1102 1103 1210 1282 1316 1415 1465 1602 1795 2207 3546
kegs 403 566 588 627 646 688 700 736 1251 1272 1414 2208 2413
kelt 655 814 883 967 1050 1103 1284 1359 1391 1420 1579 2414 3096
kick 467 575 719 729 786 864 958 1241 1445 1498 1514 1983 2611
kilt 390 561 1088 1227 1306 1329 1418 1428 1692 1979 2209 2211 3328
kino 42 187 467 960 1252 1384 1613 1614 1757 1894 2209 2505 2845
kirs 42 299 468 831 1104 1212 1423 1523 1616 1675 1985 2210 2611
kiss 42 299 468 576 789 986 1104 1254 1422 1517 1606 1985 2211
laid 951 952 1619 1667 1807 1827 1842 2127 2213 2215 2672 2864 3549
lamp 105 235 1082 1256 1433 1553 1656 1690 1750 1853 2214 2421 2723
leer 76 302 1010 1036 1069 1130 1187 1427 1622 1792 1797 2082 3759
leet 76 383 384 515 784 893 1103 1211 1426 1797 1988 1999 2619
lilt 390 695 1088 1109 1227 1306 1329 1420 1692 1979 2218 2219 2622
lima 568 1256 2214 2220 2221 2222 2246 2623 2627 2692 3102 3239 3337
loge 106 306 307 697 818 964 1110 1570 1624 1626 1993 2425 2863
loof 471 570 817 962 1062 1134 1596 1625 1788 1804 1847 2092 3103
lude 469 571 965 1110 1258 1628 1629 1661 1947 1993 2629 2647 3299
lump 1256 1425 1460 1493 1548 1578 1632 1646 1663 1789 1884 1982 2627
lust 384 691 963 1055 1109 1113 1121 1379 1666 1781 2226 2408 2441
lyes 76 313 423 452 567 924 1024 1301 1333 1461 1617 1630 1735
meat 255 426 490 825 869 967 1076 1237 1444 1640 1811 1812 1999
meld 478 827 834 966 967 1116 1397 1638 1811 1890 1960 2317 2725
mems 244 700 728 826 827 968 969 975 1238 1580 1591 1813 3343
mete 77 243 393 828 1443 1738 1813 2161 2230 2231 2259 2608 3347
mime 79 241 242 243 479 568 578 830 1117 1203 1299 1813 1876
mirk 242 391 476 575 831 1535 1637 1758 1814 2006 2611 2635 2636
mola 81 112 481 703 740 834 1194 1262 1318 1538 1816 2612 3561
mute 77 243 393 580 1119 1258 1439 1563 1817 2007 2123 2203 2436
neat 255 426 490 837 869 1076 1237 1270 1436 2644 2645 2873 2875
nick 575 719 729 786 864 958 1241 1274 1275 1419 1498 1514 1820
note 393 406 451 531 712 977 1123 1276 1277 1320 1649 2237 2731
nuns 67 86 180 203 296 330 366 604 673 708 836 1125 1278
obes 313 979 1127 1128 1279 1280 1281 1449 1451 1651 2878 3123 3909
ones 313 763 979 1127 1128 1279 1280 1281 1448 1451 1651 3128 3783
oops 46 58 69 186 192 201 347 472 563 639 713 796 3784
oxes 313 979 1047 1127 1128 1279 1280 1281 1448 1449 1651 1950 3359
page 82 84 247 398 486 595 607 773 822 840 841 1080 1326
pant 83 247 399 489 585 839 942 993 1032 1132 1657 1922 2011
peak 315 490 586 587 717 842 982 984 1530 1620 2292 2507 2885
pend 150 399 492 765 931 955 998 1038 1116 1477 1691 1698 2253
pias 5 85 153 315 494 843 986 1131 1721 1844 2444 2887 3144
pool 249 495 988 1134 1196 1287 1290 1643 1768 1835 1880 2451 2514
porn 154 329 440 495 1015 1052 1111 1118 1291 1332 1836 1974 2664
prop 1290 1293 1841 2018 2022 2023 2024 2075 2137 2452 2669 2893 3263
pump 1433 1493 1548 1578 1646 1663 1789 1884 1982 2446 2450 2454 2455
pyes 16 313 423 452 843 924 1024 1301 1333 1435 1617 1735 3144
rais 50 51 155 251 252 496 498 852 853 1139 1564 1842 2673
rand 643 726 998 1295 1327 1619 1657 1660 1668 1784 1842 2459 3386
read 597 854 855 954 998 1344 1568 1600 1811 2261 2460 2461 2675
reel 17 597 854 1009 1035 1210 1282 1316 1416 1602 1659 2676 3380
refs 17 117 196 403 598 728 997 1139 1297 1467 1843 2258 2413
rifs 118 318 405 500 599 601 1298 1466 1756 1844 1985 2032 2260
ring 118 694 726 845 857 916 1148 1160 1252 1330 1660 1664 1903
runt 604 772 791 856 993 1095 1113 1657 1664 1666 1748 1851 2529
rush 995 1120 1355 1655 1665 1666 1852 1964 1976 2226 2303 3378 3606
sabe 52 156 253 322 323 324 606 607 609 1343 1633 2039 2640
sark 213 331 353 476 549 584 782 1007 1008 1106 1143 1647 2464
seam 255 408 610 735 865 1303 1496 1671 1672 1684 1720 1872 2460
secs 18 199 610 611 613 736 1129 1142 1297 1476 1478 1482 2914
seen 18 198 862 1009 1010 1174 1283 1302 1531 1672 1795 1873 3157
seis 18 199 610 611 613 736 1139 1474 1478 1989 2475 2927 3156
send 198 612 765 931 955 998 1038 1116 1455 1668 1673 1691 1698
sers 18 199 610 611 613 736 1146 1398 1474 1476 1675 2687 2688
shag 325 1013 1303 1480 1495 1670 1855 1865 2042 2044 2046 2273 2916
shaw 325 1190 1303 1304 1305 1308 1479 1855 2042 2058 2696 2916 2936
shop 863 1149 1305 2043 2044 2060 2131 2471 2685 2689 2690 2708 2738
sics 54 257 326 614 615 864 970 1012 1131 1142 1474 1675 2295
slab 619 865 1013 1308 1484 1485 1582 1678 1679 1909 2056 2063 2263
slap 619 865 1013 1149 1216 1308 1483 1485 1559 1859 2064 2695 2922
slay 619 865 1013 1218 1308 1483 1484 1686 1741 1855 1869 2059 2665
slog 738 1013 1014 1149 1678 1861 2044 2133 2166 2277 2337 2477 3391
slum 865 1594 1679 1680 1860 1861 2276 2476 2686 2707 3139 3178 3223
soma 327 620 740 1152 1863 1931 2049 2050 2053 2280 2438 2478 2692
soon 355 471 495 621 704 899 1015 1084 1162 1310 1648 1904 2052
sord 160 327 1015 1064 1143 1151 1219 1311 1518 1683 1805 1868 2699
stot 621 738 863 1313 1681 1854 2060 2061 2065 2285 2286 2705 3395
sued 198 622 1674 1858 1868 2055 2401 2557 2683 2928 3165 3176 3396
sump 742 1433 1460 1548 1578 1646 1663 1789 1853 1884 1982 2270 3610
sung 203 734 902 1112 1136 1148 1154 1206 1408 1502 1664 1682 3398
swag 1013 1156 1479 1496 1670 1865 1869 2046 2063 2064 2273 2288 3611
swam 865 1156 1303 1473 1495 1671 1684 1869 2063 2064 2288 2931 3178
tank 55 521 623 634 805 1008 1020 1105 1201 1295 1870 2094 2485
tick 575 623 719 729 786 864 958 1165 1241 1419 1445 1514 2295
tong 88 328 1020 1160 1289 1349 1377 1404 1502 1682 1694 1803 2184
took 524 652 750 808 940 962 1162 1300 1310 1823 1880 1986 2296
tori 19 210 329 413 751 876 1163 1683 1881 2297 2942 3119 3645
tung 330 902 1020 1112 1136 1160 1206 1408 1494 1499 1664 1697 2301
tups 10 58 330 412 510 594 753 868 877 1199 1207 2318 2946
tyre 19 206 749 1885 1965 2028 2078 2079 2125 2227 2304 2375 2500
vang 644 726 734 754 815 839 912 941 1020 1025 1209 1389 1709
veal 444 551 586 692 735 743 825 854 929 1034 1901 2504 2956
vids 345 389 500 543 670 762 959 1027 1028 1104 1324 1710 2308
vugs 274 401 482 540 545 603 685 753 820 1028 1100 3420 3631
wair 633 879 1510 1808 1828 1968 2088 2157 2213 2501 2732 2963 3421
wait 266 415 633 879 1032 1509 1513 2083 2506 2531 2732 2969 3052
wany 60 211 634 1032 1033 1327 1515 2085 2310 2313 2430 3204 3834
weds 90 196 264 491 516 523 636 664 826 870 938 1902 2508
whit 1147 1510 1703 1704 1927 2086 2087 2088 2510 2512 2513 2737 2969
wick 517 575 719 729 786 864 958 1172 1241 1419 1445 1498 2966
winy 64 65 517 985 1040 1257 1330 1511 1877 1894 2090 2727 2968
wipe 64 417 418 518 758 759 961 1000 1041 1307 1654 1893 2972
wiss 65 419 576 789 986 1039 1041 1176 1423 1606 2091 2739 2743
word 334 635 1064 1177 1219 1331 1332 1490 1706 1707 1805 1896 2741
yack 395 623 640 675 689 699 851 1007 1172 1181 1337 1608 2094
yare 0 24 61 84 92 102 137 206 218 596 1180 1334 2095
yews 338 339 591 613 785 871 944 969 1273 1336 1410 1898 1899
zone 99 133 307 316 328 429 464 505 712 887 1230 2319 3213
airs 269 340 762 831 1212 1339 1340 1422 1675 2522 2523 2982
alee 421 1953 2101 2181 2524 2530 2755 2756 2983 2985 3219 3447
alls 421 1339 1341 1712 1713 2098 2104 2322 2760 2799 2986 3308
ants 269 763 1528 1713 1906 2107 2325 2326 2327 2751 3227 3451
aped 890 2055 2099 2100 2102 2112 2113 2519 2881 2992 3452 3660
arts 269 422 1526 1713 2108 2109 2110 2111 2440 2751 2759 3663
barm 20 92 213 271 892 1599 1701 1718 1907 1951 2114 2115
beak 425 426 1049 1344 1345 1454 1532 1620 1720 2292 2507 2532
been 127 893 1049 1174 1187 1283 1346 1475 1795 1873 2533 2541
berk 213 900 984 1345 1530 1535 1637 2115 2748 2975 3091 3464
beys 32 127 166 272 431 523 646 895 1551 1621 1753 2208
bint 66 93 344 695 772 917 971 1132 1188 1401 1693 2536
birk 213 900 1441 1532 1722 1758 2118 2331 2332 2333 2611 2764
blow 1014 1583 1723 1732 1833 1911 1912 1913 2182 2337 2526 3006
bode 129 348 427 428 429 641 779 972 1002 1110 1276 2766
bola 428 740 767 768 1051 1194 1318 1350 1442 1539 1726 2612
bolo 428 767 768 1051 1538 2019 2051 2417 3007 3241 3243 3352
bond 429 643 765 898 1051 1188 1349 1549 1724 1767 2253 3431
bosh 349 522 1263 1292 1355 1727 1746 1882 1916 1961 2236 2406
bott 33 430 768 1053 1189 1543 1645 1719 1726 1727 2124 2536
bout 430 768 1053 1189 1542 1695 1806 1838 2262 2598 3008 3237
brad 901 1344 1351 1545 1546 1728 1729 1730 1774 2496 2540 3355
braw 901 1351 1544 1546 1723 1728 1729 1730 1732 1937 2120 2367
bray 901 1351 1544 1545 1728 1729 1730 1775 1840 1946 1955 2071
bris 1351 1352 1731 1918 2121 2199 2341 2342 2343 2353 2850 2927
bump 771 1433 1460 1493 1578 1646 1663 1789 1884 1919 1982 3471
bund 67 526 643 765 772 902 904 1188 1540 1733 2344 2815
burb 275 651 903 904 905 1054 1354 1718 1734 1919 1938 3470
buys 32 67 170 274 275 350 431 432 525 771 1533 2394
cafe 0 94 130 131 216 276 279 434 436 773 1736 2039
camp 130 278 1082 1357 1425 1656 1690 1750 1853 2349 2723 3009
ceps 34 69 589 598 776 1199 1251 1358 1899 1924 2097 2774
chin 1056 1556 1703 1740 1743 1856 1875 1927 2130 2546 2547 2775
chis 1555 1740 1927 2069 2130 2321 2353 2443 2546 2610 2775 3055
cigs 240 280 283 346 405 456 494 548 946 1028 1039 1182
clam 865 1214 1360 1362 1559 1560 1741 1910 1929 1935 2132 2180
clap 1192 1216 1361 1362 1484 1558 1560 1741 1929 1936 2132 2776
claw 1190 1217 1308 1362 1558 1559 1723 1741 1929 1937 2132 2347
copy 69 439 653 909 1061 1363 1744 1760 1933 1934 2638 3150
corm 7 173 440 653 910 1064 1205 1220 1745 1896 2185 2876
cute 94 441 531 533 778 1258 1443 1738 2123 2138 2203 2354
dais 21 36 37 70 71 98 175 176 535 1200 1370 1462
dash 477 522 716 775 816 995 1083 1086 1328 1381 1669 2562
dawn 36 1202 1997 2040 2096 2216 2243 2377 2560 2566 2782 3019
daze 218 356 443 534 824 996 1074 1107 1236 1369 1390 1574
dead 444 536 783 954 1344 1464 1600 1751 1811 2783 3264 3494
docs 100 101 135 178 221 450 537 538 577 657 919 2034
doge 8 99 178 179 448 449 451 921 922 1430 1571 1574
dogy 178 920 1570 1760 1940 1941 1942 2252 2339 2363 2425 2582
doll 179 219 445 537 703 767 1071 1161 1287 1376 1845 2426
dour 1312 1761 1992 2020 2195 2298 2364 2383 2516 2564 3027 3491
doze 8 99 179 448 449 451 921 922 1567 1570 1942 3785
duce 539 656 660 790 1369 1577 1629 1947 2147 2453 2568 3265
duff 1166 1353 1364 1749 1778 1850 2004 2143 2197 2225 2256 2789
duke 660 787 790 1575 1947 1981 2025 2138 2141 2147 2370 3121
dump 1433 1460 1493 1548 1646 1663 1750 1789 1884 1982 3029 3493
felt 655 665 883 930 967 1050 1076 1211 1284 1359 1391 1418
fems 136 224 286 664 728 1077 1238 1438 1591 2159 2160 2162
filo 181 795 932 1384 1815 2209 2219 2269 2578 2805 2806 3279
flab 934 1214 1215 1216 1217 1218 1386 1483 1765 1909 2163 2581
flow 1014 1217 1536 1766 1833 1954 1957 2165 2166 2182 2526 2809
fold 681 834 1051 1060 1151 1219 1229 1319 1331 1585 1767 3282
food 988 1219 1231 1584 1586 1607 1642 1706 1767 1768 1846 3278
foot 430 530 621 705 750 817 1078 1140 1245 1585 1768 3043
fora 327 365 751 1078 1219 1220 1262 1350 1588 2212 2400 2583
fork 365 900 910 1078 1204 1219 1220 1587 1707 1836 2583 3282
funk 366 526 810 821 923 933 1137 1154 1222 1780 2202 2815
furs 275 366 442 545 797 849 1079 1212 1224 1958 2652 3049
gems 72 182 370 459 728 938 939 1235 1238 1438 1580 3301
give 547 696 730 759 918 1171 1213 1228 1403 1980 2594 3303
gled 668 1392 1832 1858 1952 2181 2336 2586 2821 2822 3056 3057
glum 1487 2180 2183 2187 2597 2817 2824 2825 3054 3058 3139 3223
goad 1229 1231 1771 1772 1774 1801 2261 2712 2741 3056 3061 3064
goof 802 940 1062 1084 1134 1231 1431 1773 1788 1847 2092 3062
gram 1233 1774 1775 1776 1935 1944 2021 2180 2187 2300 2391 2392
grit 1233 1352 1776 1963 2171 2186 2393 2556 2599 2831 2969 3052
harm 137 375 549 678 943 1240 1396 1529 1701 1951 1969 2833
head 551 552 553 954 1237 1344 1397 1464 1568 1603 1811 2188
heck 556 675 684 842 1241 1296 1345 1372 1820 1959 1983 2158
heel 377 551 553 1009 1035 1210 1239 1282 1316 1416 1465 2189
herd 553 678 679 1239 1240 1397 1398 1600 1604 1786 2191 3351
hern 679 1239 1240 1398 1603 1786 1974 2191 2415 2487 3040 3525
hied 553 1087 1392 1755 1782 1799 1972 1973 2015 2070 2306 2401
hiss 138 294 463 576 789 986 1087 1242 1243 1423 1517 3721
hood 681 808 988 1231 1245 1585 1642 1706 1788 1846 1973 2194
jack 395 623 640 675 689 699 851 1007 1172 1411 1519 3313
jeep 380 862 983 1097 1102 1175 1346 1373 1792 1821 2081 3090
joke 529 702 721 806 874 1096 1150 1611 1705 1900 1981 3319
jole 81 139 179 191 209 217 321 428 504 1325 1610 2405
karn 528 881 892 1021 1101 1202 2095 2149 2206 2210 2415 3749
kina 42 187 467 1252 1286 1421 1614 1639 1887 2205 2613 3329
kind 42 187 467 1040 1188 1252 1261 1383 1421 1613 1660 1972
koas 562 563 701 766 1254 1414 1616 1771 2204 2416 3100 3547
kors 173 210 245 538 562 563 1253 1254 1422 1615 2212 2416
kyes 313 423 452 924 1024 1301 1333 1435 1461 1735 1794 2419
lall 270 373 475 487 507 527 733 757 926 937 1631 2426
land 142 643 815 952 955 1105 1327 1424 1463 1668 1784 2215
leak 302 470 692 954 1108 1454 1530 1797 1987 2217 2292 2507
leys 75 76 236 303 470 566 956 1533 1753 1798 1989 2208
lier 567 1426 1799 1990 2307 2445 2489 2535 2621 2847 2859 3553
life 9 304 385 388 568 693 696 961 1298 1893 2218 2378
lobe 106 305 307 697 818 964 1110 1430 1626 1628 2033 2624
loom 471 570 817 962 1431 1725 1804 2036 2296 2365 2750 2861
lowe 106 238 307 697 818 964 1110 1407 1430 1624 1627 2973
lown 238 471 1111 1626 1802 2003 2052 2216 2223 2299 2390 2566
lube 571 965 1258 1432 1624 1629 1849 1993 2201 2354 2499 2629
luce 385 564 571 819 965 1258 1432 1575 1628 1993 2453 2629
lues 76 567 622 659 820 1005 1092 1197 1435 1632 2419 3104
lull 724 770 1071 1093 1198 1223 1234 1265 1618 1824 2426 3555
lums 105 742 771 820 975 1006 1094 1235 1433 1630 2627 3104
mabe 24 77 107 147 308 572 573 822 824 1343 1471 2640
malt 107 309 390 475 481 574 967 1085 1636 1996 2429 2684
mana 108 147 1260 1639 1809 2205 2229 2430 2631 2641 2868 3768
matt 13 77 309 574 1115 1634 1645 1719 1996 2000 2436 2506
merk 476 828 984 1441 1532 1998 2006 2433 2748 2975 3091 3345
mild 110 241 390 480 834 1261 1437 1814 1815 2089 2176 2472
mina 79 391 971 1261 1286 1613 1635 1887 2232 2634 3108 3768
moat 481 701 705 707 973 1189 1436 1645 1742 1772 2233 2362
monk 45 391 833 898 1089 1195 1895 2002 2319 2418 2435 2637
mood 113 704 705 834 988 1231 1585 1607 1643 1706 1846 2434
mool 113 703 704 705 1196 1457 1642 1768 1880 2001 2434 2514
moth 14 393 1115 1263 1645 1727 1991 2231 2366 2479 2828 3567
mott 14 393 481 705 707 973 1542 1636 1640 1644 2000 2436
mump 975 1433 1460 1493 1548 1578 1663 1789 1884 1982 3564 3565
nark 213 331 353 476 549 584 782 1106 1269 1472 2872 3349
noon 355 471 495 704 899 1084 1162 1489 1823 1904 3350 3775
nose 712 818 921 1003 1123 1135 1276 1277 1405 1446 2236 3120
oast 290 309 415 424 437 489 691 798 928 1208 1323 2441
oses 313 979 1127 1128 1279 1280 1281 1448 1449 1451 2374 2953
path 4 398 716 1115 1186 1255 1658 1785 2150 2439 2447 2884
pily 248 720 985 1288 2012 2016 2090 2622 2888 2889 2890 3125
pipe 152 153 718 720 844 961 989 1000 1307 1516 2889 2972
push 716 850 1120 1292 1355 1470 1964 1976 2226 2247 2303 3369
ramp 251 1082 1425 1553 1663 1690 1750 1853 2723 2901 2902 2906
rant 726 856 942 1032 1295 1453 1463 1469 1922 2458 2459 3375
rath 51 116 995 1115 1186 1255 1652 1785 2150 2439 2903 3606
reek 17 597 982 1173 1296 1302 1415 1465 1770 1797 1998 2676
rind 118 857 998 1040 1188 1261 1383 1463 1468 1614 1972 3386
rude 404 1002 1432 1662 1665 1849 1851 1947 2462 2647 3299 3382
rule 250 321 600 991 1661 1665 1817 1849 1851 2076 3384 3433
rump 1006 1433 1460 1493 1548 1578 1646 1656 1789 1884 1982 2906
rung 604 726 902 1112 1136 1206 1408 1468 1469 1494 1502 1851
ruse 497 1001 1003 1470 1661 1662 1666 1849 1851 1852 2007 3050
rust 999 1055 1121 1379 1434 1469 1470 1665 1781 1852 2408 2441
said 860 861 1143 1424 1668 1807 1827 1842 2127 2672 2694 2920
sand 52 157 643 734 1008 1143 1327 1463 1477 1619 1667 1784
sash 477 522 716 775 816 995 1083 1086 1144 1328 1381 1565
scag 1013 1145 1479 1495 1671 1865 2041 2046 2263 2273 2466 2467
scam 865 1145 1303 1473 1496 1670 1684 2041 2263 2466 2467 2686
seem 18 198 862 1009 1010 1302 1473 1475 2067 2140 2703 2874
sene 52 53 505 612 914 1146 1477 1908 2066 2174 2264 2643
shed 198 1304 1492 1858 2042 2055 2102 2471 3158 3159 3165 3353
sirs 54 257 326 614 618 831 1012 1212 1422 1478 1482 1523
skit 1147 1309 1687 1857 1862 2274 2275 2278 2287 2474 2475 2694
slew 1014 1304 1308 1766 1858 1866 1911 2017 2347 2473 2701 3163
slob 738 1014 1149 1483 1486 1679 1912 2277 2279 2286 2823 2932
slub 1483 1487 1678 1680 1860 1861 2338 2476 2581 2706 3014 3166
slut 619 738 1309 1487 1679 1860 1861 2045 2468 2476 3058 3164
snot 621 738 863 1491 1854 1862 2047 2065 2279 2285 2477 3099
song 200 505 734 1148 1289 1349 1377 1404 1494 1499 1803 2184
sori 160 327 1015 1311 1490 1501 2464 2698 2699 3119 3645 3808
spam 865 1016 1303 1473 1496 1671 1685 1686 1864 2054 2481 2700
spar 408 1016 1684 1686 1864 2041 2048 2054 2057 2481 2700 2926
spay 1016 1485 1684 1685 1855 1864 1869 2054 2059 2481 2700 3809
spit 1016 1147 1309 1676 1862 2278 2284 2285 2287 2924 3169 3394
sure 160 441 618 660 965 994 1119 1146 1867 1868 2930 3177
tala 121 507 1318 1870 2290 2589 2710 2933 3114 3180 3181 3400
tamp 161 508 1082 1425 1553 1656 1750 1853 1884 2291 2723 3401
tend 258 745 748 765 931 955 998 1038 1116 1455 1477 1698
tilt 259 390 628 1088 1227 1306 1317 1329 1420 1428 1693 1979
tint 57 162 695 748 917 971 1132 1160 1401 1534 1692 1877
tony 88 328 876 909 1133 1499 1724 1877 2002 2713 2715 2940
tout 413 750 1164 1543 1806 1838 1878 2262 2298 2494 2598 2709
tres 56 163 422 872 979 1024 1321 2072 2403 2716 2943 3191
tune 162 328 330 571 790 1502 1851 2076 2078 2301 2499 2614
vend 765 878 931 955 998 1038 1116 1455 1477 1691 2725 3202
vise 263 1001 1027 1029 1041 1117 1170 1171 1347 1886 2305 2960
voes 163 221 231 637 672 731 755 813 935 978 1030 1324
warm 61 62 266 331 635 881 1033 1529 1599 1702 1896 1951
warp 61 62 266 331 635 881 1033 1357 1701 1969 2291 2733
whin 879 1513 1555 1704 1856 1875 2087 2088 2509 2512 2513 2737
whip 1513 1703 1740 2043 2087 2088 2512 2513 2736 2737 2738 3632
woke 334 529 702 721 756 806 874 1150 1610 1900 2093 2315
wood 884 988 1231 1331 1518 1585 1607 1642 1846 2092 2514 2741
work 331 334 900 910 1177 1204 1332 1518 1588 1836 1895 1896
wost 415 416 707 781 963 990 1164 1176 1177 1378 1406 2742
yang 644 726 734 815 839 912 941 1020 1209 1389 1505 2094
yids 345 389 500 543 670 760 761 762 959 1043 1104 1507
zest 384 416 493 647 665 680 800 837 999 1023 1026 1247
alms 421 1340 1341 1525 1713 2104 2111 2322 2525 2755 3034
alts 269 421 1341 1525 1526 1528 1712 2104 2322 2751 3449
amis 2105 2106 2107 2321 2323 2324 2757 2758 2987 2988 3000
ates 421 422 423 763 890 891 1047 1183 1338 1342 3417
baff 1353 1736 1749 2029 2114 2311 2330 2385 2437 2745 2767
bald 125 270 271 341 643 1051 1184 1907 2328 3004 3425
barb 20 92 213 271 892 1356 1529 1550 2114 2356 3053
batt 2 165 424 1186 1542 1636 2124 2506 2531 2536 3462
beam 425 426 1049 1344 1473 1530 1872 1910 2115 2460 2532
bias 66 128 345 346 648 766 1048 1351 1456 1844 2117
birl 214 651 1535 1759 2118 2177 2332 2711 2728 2764 3472
blaw 1217 1308 1348 1536 1545 1560 1909 1910 1911 2335 3005
bony 429 898 909 1133 1349 1540 1694 2002 2339 2766 2768
boom 168 430 524 899 1625 1915 2036 2296 2340 2365 2750
bota 33 1350 1538 1542 1727 2037 2116 2224 2237 2840 3086
both 33 1186 1541 1542 1644 1726 1991 2366 2479 2534 2828
brae 901 1351 1544 1545 1546 1729 1730 1917 2335 2341 2584
brag 901 1351 1544 1545 1546 1728 1730 1731 1769 1943 2351
bran 901 1049 1351 1544 1545 1546 1728 1729 1918 2392 2541
brig 1352 1547 1729 1918 1963 2073 2121 2170 2341 2342 2894
brow 1293 1536 1545 1747 1777 1883 1957 2120 2343 2962 3467
buna 67 526 772 902 903 1294 1549 1994 2301 2344 2613
burg 275 651 902 903 904 905 1054 1354 1550 1919 3464
byes 127 313 423 452 924 1024 1301 1333 1435 1461 1617
caff 1364 1552 1716 1749 2029 2136 2311 2385 2437 2543 2745
carr 0 11 352 353 435 528 774 1356 1357 1367 2242
cete 94 531 778 1059 1439 1563 2161 2259 2545 2608 2774
chad 907 1190 1360 1361 1925 2042 2128 2129 2130 2132 2346
chip 1361 1555 1556 1704 1927 2043 2130 2131 2546 2775 2776
clay 1218 1362 1485 1558 1559 1560 1925 1929 2132 2550 2665
coat 530 780 781 907 1189 1640 1772 2348 2362 2551 3479
coin 355 440 1056 1193 1555 2223 2350 2553 2812 3247 3318
coky 529 653 909 1061 1363 1561 1933 1934 2449 2770 3319
corf 7 173 440 653 910 1062 1064 1365 1562 2136 2553
cosh 174 775 781 1263 1292 1363 1541 1882 1961 2236 2406
crow 1293 1732 1777 1883 1937 1957 2137 2352 2548 2962 3681
cunt 772 791 993 1058 1095 1113 1368 1469 1922 2529 2780
daff 1576 1716 1736 2029 2143 2311 2355 2385 2437 2745 2789
damp 98 356 1082 1425 1553 1578 1656 1690 1853 2723 3019
dean 444 717 783 1049 1108 1568 1812 1888 1897 2404 2783
deft 282 655 784 1889 1988 2258 2355 2397 2784 3021 3254
deys 37 38 177 446 785 1371 1533 1621 2208 2360 3688
dial 219 444 1759 2142 2444 2463 2504 2794 2917 3024 3256
died 357 536 1392 1605 1799 2015 2070 2142 2306 2361 2797
difs 3 134 220 283 357 447 788 789 1467 1985 2143
dino 3 39 358 916 917 960 1384 1421 1894 2505 2788
dirk 358 359 782 786 1204 1441 1535 1759 1939 2144 2611
dirl 219 359 1722 1754 1758 2142 2144 2177 2711 2728 3024
dopy 449 920 1561 1571 1940 1941 1942 2363 2638 3150 3490
dorr 8 538 920 1204 1205 1573 1881 2148 2364 2564 2565
dusk 539 906 923 1266 1379 1852 1939 1977 2077 2139 3487
eave 279 301 402 455 513 547 550 609 841 1122 1949
eons 45 68 88 100 115 140 200 268 287 1790 2574
flax 934 1214 1215 1216 1217 1218 1386 1582 2163 2164 2811
flew 1217 1583 1677 1911 1952 1953 2017 2164 2347 2380 2579
fond 287 931 1219 1383 1540 1584 1585 2253 2815 3043 3431
fool 1196 1387 1457 1585 1586 1643 1880 2168 2382 2514 2813
frag 1386 1388 1729 1943 1955 1956 2170 2351 2384 2584 3047
geek 182 668 982 1173 1302 1415 1659 1797 1959 1998 3294
goas 372 671 672 701 766 802 1232 1595 1615 1772 3061
goat 1189 1233 1595 1640 1742 1771 2175 2362 2598 3060 3061
goop 802 940 1063 1084 1231 1290 1596 1804 2194 2388 3063
grad 1233 1544 1595 1597 1775 2186 2391 2392 2496 3056 3355
gray 1233 1546 1597 1774 1840 1946 1955 2071 2391 2392 2830
grim 1597 1598 1963 2121 2186 2187 2393 2597 2599 2717 2895
grow 1293 1732 1747 1883 1957 2182 2600 2829 2831 2962 3297
guff 1166 1353 1364 1576 1850 2004 2197 2225 2256 2385 3067
guls 546 673 674 939 992 1234 1235 2394 2832 3067 3300
gunk 526 673 810 821 923 1137 1154 1393 1395 1589 2202
gust 798 800 1055 1121 1379 1394 1434 1666 1964 2408 2441
haed 553 676 678 1605 1784 1966 1973 2401 2586 2833 3070
hahs 41 185 228 229 291 374 676 1200 2398 3436 3881
hand 643 678 805 941 942 1327 1463 1619 1668 1782 1972
hath 41 376 1086 1115 1186 1255 1652 1658 2150 2439 3072
hero 679 1239 1240 1398 1603 1604 2191 2835 3218 3246 3435
holy 139 378 681 807 1061 1244 1288 1816 2192 2193 3527
hoof 808 1062 1134 1245 1431 1596 1607 1847 2092 2194 3074
hump 1094 1433 1460 1493 1548 1578 1646 1663 1884 1982 2605
ions 45 68 88 100 115 140 200 268 287 1764 3733
jade 276 469 573 606 632 641 663 804 1096 1246 2200
jeer 380 1010 1036 1069 1097 1130 1187 1426 1609 2082 3090
jell 377 445 478 687 746 894 930 1011 1037 1057 1335
kaes 297 298 667 676 948 1031 1259 1617 2204 2410 2419
keen 1102 1103 1174 1283 1415 1416 1475 1531 1873 2207 2415
kike 187 616 693 787 830 844 873 897 950 1400 2846
leek 76 982 1173 1302 1415 1426 1427 1620 1659 1770 1998
leks 76 236 303 470 566 956 1621 1989 2856 3434 3760
lied 567 1392 1605 1622 1755 1990 2015 2070 2306 2621 2859
linn 9 44 386 694 695 960 1257 1990 2220 2860 3316
load 954 1595 1802 1805 2261 2428 2712 2741 2861 2864 3103
loan 471 1108 1111 1627 1801 2223 2233 2861 2905 3100 3103
long 307 694 815 1112 1289 1349 1377 1404 1499 1682 2184
loop 471 570 817 962 1063 1290 1431 1625 1773 2194 2626
lord 106 952 1064 1111 1219 1490 1518 1801 2427 2428 2864
lout 817 963 1543 1695 1838 1992 2262 2424 2428 2598 2626
maid 474 823 1424 1667 1808 1827 1842 2127 2432 2672 3105
mair 474 823 1509 1807 1828 1968 2157 2213 2501 3105 3761
masa 239 309 477 1260 1635 1810 2544 2631 2868 2955 3107
mask 239 309 476 477 699 1185 1266 1809 1923 2435 2485
mead 825 954 966 1116 1344 1436 1437 1464 1568 1600 1812
mean 717 825 1049 1108 1436 1751 1811 1888 1897 2233 2404
meme 578 828 1375 1438 1439 1440 1971 2160 2264 3343 3347
milk 110 241 390 391 480 575 1441 1638 1815 2268 2331
milo 110 241 390 480 1581 1638 1814 2209 2219 2269 3109
moly 81 112 481 703 834 1061 1288 1442 1787 2002 2638
mule 81 107 241 991 1119 1265 1443 1662 2007 2076 3433
nape 310 434 727 1122 1157 1225 1268 1277 2200 2235 2640
nebs 311 483 581 838 997 1125 1272 1273 1371 2008 2508
neck 842 1275 1296 1345 1372 1445 1601 1959 1983 2158 3569
neep 862 983 1102 1175 1271 1346 1373 1609 2081 2873 2874
nims 485 601 710 788 838 1012 1124 1242 1340 2009 2308
nook 524 652 808 940 962 1275 1300 1310 1500 1648 1986
null 709 724 770 1071 1093 1198 1223 1234 1265 1631 2649
oink 358 386 391 467 517 592 617 857 933 1099 1393
ouds 525 723 867 974 980 1066 1070 1079 2652 3124 3126
paid 714 715 981 1424 1667 1807 1828 1842 2127 2655 2672
pair 714 715 1509 1808 1827 1968 2157 2213 2242 2501 2655
pehs 16 150 151 315 491 588 589 591 1129 2159 2398
perm 590 984 1240 1285 2115 2359 2486 2593 2660 2661 2886
phat 325 490 907 1839 1874 1984 2086 2175 2250 3136 3137
pled 492 1593 1858 1952 2015 2017 2336 2448 2666 2667 3138
plow 1014 1293 1536 1583 2017 2018 2182 2251 2448 2526 2891
pois 115 192 193 194 249 400 593 722 2416 2443 3795
poor 249 495 988 1134 1290 1457 1915 2020 2434 2451 2564
pork 154 584 846 900 910 984 1204 1291 1458 1588 1707
posy 990 1133 1135 1288 1292 1363 2252 2254 2449 3120 3151
pout 990 1291 1543 1695 1806 2020 2262 2598 3137 3365 3592
prat 490 901 1233 1388 1831 1840 1945 2021 2250 3366 3367
pray 1546 1775 1839 1946 1955 2021 2071 2665 2668 3366 3367
prog 1293 1459 1956 2022 2023 2024 2074 2452 2600 2669 2894
raid 852 853 1424 1462 1463 1667 1807 1827 2127 2672 2673
revs 17 117 196 403 598 728 997 1139 1297 1466 2360
rias 118 318 405 500 599 601 1456 1467 1721 2463 3385
roll 321 501 703 767 1161 1287 1572 2035 2426 2680 3149
rood 988 1140 1231 1300 1585 1607 1642 1706 1847 2036 2261
roof 1062 1134 1140 1300 1431 1596 1788 1846 2036 2092 3149
roue 321 406 732 1002 1003 1141 2033 2234 2262 2682 3381
rube 602 1628 1661 1662 1665 1851 2033 2201 2354 2499 3603
ruff 1166 1353 1364 1576 1778 2004 2029 2032 2197 2225 2256
rune 571 604 790 1469 1661 1662 1664 1665 1697 1849 2614
rusk 906 1004 1266 1470 1665 1666 1762 1977 2077 2139 2904
samp 323 1082 1425 1493 1553 1656 1690 1750 2270 2723 2911
scot 621 738 863 1145 1491 1681 2065 2285 2468 2685 2912
shay 325 1303 1479 1480 1485 1686 1869 1925 2042 2059 2916
shin 861 1147 1555 1703 1875 2043 2267 2274 2284 3160 3161
skat 255 325 619 1016 1145 1156 1313 1676 2273 2918 3889
sled 198 1492 1593 1674 1677 1832 1952 2055 2336 2920 3165
slip 1149 1309 1484 2043 2275 2276 2381 2776 2920 2921 3240
slue 1487 1679 1680 1861 2167 2183 2277 2476 2538 3015 3170
slug 1013 1486 1487 1679 1680 1860 2476 2825 3167 3363 3392
snit 1147 1309 1676 1681 1687 2278 2287 2921 3393 3545 3821
soca 327 739 740 1488 1930 2049 2050 2053 2280 2478 2625
span 1016 1684 1685 1686 2054 2284 2288 2467 2481 2700 2702
stag 1013 1313 1479 1495 1670 2046 2056 2057 2058 2059 2273
stew 1304 1677 2058 2061 2473 2701 2703 2704 2705 3163 3171
sura 327 903 1688 1868 1948 2005 2407 2687 2930 2995 3174
surd 904 1067 1143 1490 1492 1688 1867 2648 2721 2930 3396
sway 1156 1485 1495 1496 1686 1855 2059 2063 2064 2288 3458
talk 121 507 623 1184 1497 1689 1920 2084 2485 2933 3181
taro 29 206 1021 1022 1163 2291 2376 2491 2500 2939 3179
team 626 743 744 869 1473 1720 2067 2292 2300 2460 2486
teen 56 745 1174 1283 1316 1475 1531 1795 2067 2487 2488
that 325 869 907 1831 1984 2086 2175 2935 2936 2948 3184
thin 1019 1555 1703 1856 2069 2488 2935 3185 3194 3195 3402
time 162 508 568 628 749 873 875 1159 1203 1299 1440
tiny 57 162 985 1160 1257 1515 1693 1694 2727 3187 3616
toft 413 750 1164 1695 2348 2424 2493 2494 2697 3617 3620
toil 1018 1161 1193 1387 1880 1914 2001 2010 2035 2281 2494
tool 750 1161 1162 1196 1457 1500 1643 1768 1879 2296 2514
torr 19 210 329 413 751 876 1163 1501 1761 2297 2298
tosh 414 1164 1263 1292 1541 1746 1961 2236 2303 2406 2495
trow 1293 1732 1747 1777 1957 2074 2075 2498 2719 2720 2962
tump 1433 1460 1493 1548 1578 1646 1663 1690 1789 1982 3401
tyke 506 873 874 1504 2078 2079 2289 2304 2370 2816 3152
vase 436 497 565 645 840 1025 1168 1323 1699 1949 2955
vina 263 1286 1613 1639 2505 2727 2729 2959 2960 2961 3202
wean 717 882 1034 1049 1108 1174 1751 1812 1897 2404 2507
weft 332 416 515 883 1752 1892 1988 2083 2258 2314 2397
weld 514 883 1037 1038 1331 1397 1437 1960 2089 2317 2725
were 61 334 518 590 679 828 915 1059 1146 1382 1892
wert 266 332 416 515 883 1177 1285 1889 1891 2314 2503
wife 64 417 418 518 758 759 1041 1298 1516 1623 2378
wino 64 65 517 960 1040 1330 1384 1421 1515 1757 2505
wonk 268 517 634 898 1089 1195 1641 1707 2319 2418 2742
worm 334 1177 1205 1220 1332 1518 1562 1701 1707 2185 2876
yean 717 1049 1108 1179 1751 1812 1888 1898 2404 3426 3832
yeas 315 470 610 744 1179 1336 1414 1521 1897 1899 3426
yeps 337 589 598 761 1251 1336 1521 1554 1898 2097 2318
yoke 529 702 721 806 874 1150 1180 1610 1705 2515 2973
zeal 444 551 586 692 735 743 825 854 929 1034 1506
zeds 196 491 523 664 826 870 938 1045 1512 2097 3434
zing 420 694 845 887 916 1148 1160 1252 1330 1468 3644
zoon 355 471 495 704 899 1084 1162 1489 1648 2320 2750
aide 404 427 737 758 762 976 1027 1159 1399 2152
anas 763 1341 1526 2107 2323 2325 2327 2518 2752 3450
balm 125 270 341 1184 1396 1529 1717 1921 2241 2429
bene 91 93 272 344 429 765 914 1673 2174 2643
blab 1348 1483 1582 1723 1910 1912 2335 2338 2537 3005
blam 865 1214 1348 1558 1720 1723 1909 2180 2335 3005
blew 1536 1677 1723 1766 2017 2120 2336 2347 2537 2765
blob 1536 1678 1909 1913 2337 2338 2340 2537 2823 3006
blot 430 738 1348 1536 1912 2135 2251 2337 2765 3006
boil 764 767 1193 1387 1879 2001 2010 2035 2119 2281
boor 168 430 524 899 1725 1835 2340 2434 2539 2564
bosk 349 524 650 898 900 906 1185 1541 2333 2435
bree 1321 1728 1962 2120 2169 2255 2341 2368 2540 2541
brin 1352 1547 1730 1731 2121 2341 2342 2393 2541 3669
burp 275 651 903 904 905 1054 1354 1548 1550 1734
calk 353 527 1184 1870 1921 1923 2084 2345 2543 2771
calm 527 1396 1907 1920 2241 2345 2429 2543 2771 3483
cant 131 351 435 437 942 1032 1058 1453 1657 1748
cask 353 436 437 775 1185 1810 1920 2139 2485 2544
cess 174 776 911 956 968 1077 1358 1554 1978 2008
chay 907 1190 1360 1361 1739 1741 1855 2128 2129 2346
chew 1190 1304 2294 2347 2352 2511 2548 3134 3473 3677
chit 907 1147 1513 1555 1556 1740 2130 2546 2556 2775
cist 437 781 832 1109 1176 1243 1385 1394 2211 3251
clag 1013 1362 1386 1558 1559 1560 1741 2132 2133 2351
coca 908 1194 1863 1931 2552 2625 3016 3018 3244 3675
coma 438 1194 1488 1930 2349 2438 2552 2554 3018 3683
cowl 35 1193 1196 1933 2119 2168 2196 2517 2551 2841
cowy 35 653 909 1061 1363 1561 1744 1932 1934 2715
cozy 653 909 1061 1363 1561 1744 1933 1942 3045 3354
cram 1360 1558 1597 1936 1937 1944 2021 2300 2351 2555
crap 1361 1559 1935 1937 2137 2351 2384 2497 2555 3424
craw 1190 1545 1560 1747 1935 1936 2351 2352 2367 2555
curb 441 442 1067 1068 1356 1365 1366 1367 1368 1550
disk 358 786 789 1758 1762 2333 2562 2904 3258 3487
doty 135 451 920 1571 1760 1941 1942 2363 2366 3689
doxy 920 1571 1760 1940 1942 2254 2363 2768 2787 3044
dozy 920 1571 1574 1760 1934 1940 1941 2363 3045 3354
drag 1729 1769 1944 1945 1946 2145 2351 2367 2792 3028
dram 1597 1935 1943 1945 1946 2021 2145 2300 2367 2793
drat 901 1233 1388 1839 1943 1944 1946 2145 2362 2367
dray 1546 1775 1840 1943 1944 1945 1955 2071 2145 2367
dude 660 790 1070 1432 1575 1577 1661 2147 2647 3299
dura 660 903 1867 2005 2148 2369 2407 2995 3029 3030
ease 436 497 565 645 840 1208 1763 1886 3690 3869
exes 452 1047 1451 2153 2154 2155 2372 2374 3036 3703
farm 102 927 1073 1220 1380 1529 1599 1701 2376 2807
fled 542 1593 1766 1832 1858 1953 2164 2336 2380 2579
flee 1524 1766 1952 2164 2165 2167 2169 2181 2380 2579
flop 1149 1192 1216 1583 2018 2165 2166 2381 2388 2809
fray 1218 1388 1546 1769 1775 1840 1946 2071 2384 2584
frog 1769 1841 1957 2074 2166 2170 2600 2814 3047 3283
frow 1293 1583 1732 1747 1777 1883 1956 2814 2962 3283
furl 651 1068 1223 1380 1590 2027 2198 2649 3049 3285
geck 842 1296 1345 1372 1395 1601 1770 1820 1983 2158
geld 668 939 1229 1391 1397 1437 1890 2176 2317 2725
gosh 1083 1263 1292 1541 1746 1882 1964 2236 2406 2828
gree 1321 1917 2169 2181 2255 2368 2829 2830 3066 3296
grig 1598 1731 1776 2073 2170 2186 2393 2599 2600 2894
gush 1083 1120 1355 1470 1655 1781 1961 1976 2226 2303
gyre 803 1504 2028 2125 2227 2375 3068 3303 3521 3715
haet 290 375 676 942 1085 1782 1967 1970 2833 3070
haft 290 375 942 1085 1966 1970 2083 2355 2397 2458
hair 677 1509 1808 1828 2157 2213 2501 2601 3069 3071
harp 137 375 549 678 943 1357 1599 1702 2291 2834
haut 290 375 942 1085 1966 1967 1996 2395 2559 2709
heme 462 679 682 1238 1375 1813 2160 2264 2605 3719
hind 138 1040 1188 1261 1383 1401 1605 1614 1660 1784
hoed 231 553 681 1605 1607 1782 2401 2492 2777 2837
horn 329 440 1015 1052 1111 1118 1332 1458 1604 2400
howk 23 556 808 1089 1244 1407 2196 2396 3065 3074
hush 1086 1120 1355 1470 1655 1964 1977 2226 2303 3076
husk 684 810 906 1266 1762 1852 1976 2077 2139 2402
jess 380 686 947 956 968 1077 1247 1410 1924 2008
jilt 390 687 1088 1227 1306 1329 1420 1428 1692 2405
jive 696 730 759 918 1171 1213 1403 1592 2609 3744
juke 1096 1577 1610 2025 2138 2201 2203 2842 3121 3748
jump 1433 1460 1493 1548 1578 1646 1663 1789 1884 2839
keck 842 1296 1345 1372 1415 1419 1601 1820 1959 2158
khat 325 907 1831 1874 2086 2175 3326 3542 3548 3754
kifs 42 299 468 1104 1422 1423 1467 1756 2410 2413
kook 524 652 808 940 962 1300 1310 1500 1823 2418
leap 302 470 692 954 1108 1620 2188 2217 2461 2873
left 383 384 1427 1752 1889 2218 2258 2397 2424 2619
leis 76 236 303 470 566 956 1139 1476 1621 1798
lien 567 1622 1799 1800 2220 2595 2621 2859 2860 3765
loth 189 1255 1644 1727 2224 2366 2422 2479 2828 2865
lour 1312 1573 1806 2020 2195 2298 2383 2428 2516 2626
luge 571 820 965 1258 1430 1432 1628 1629 2629 3723
luna 571 821 1112 1113 1294 1733 2301 2613 2627 2628
maul 474 475 1114 1996 2312 2395 2432 2465 2630 2772
maut 309 574 1634 1636 1970 1995 2432 2559 2630 2709
mawn 148 823 1566 2003 2040 2096 2216 2243 2377 2630
meek 966 982 1173 1302 1415 1637 1659 1770 1797 1999
meet 515 784 893 966 967 1103 1211 1427 1436 1998
mitt 243 390 832 971 1636 1645 2436 2536 3110 3111
moil 474 703 1193 1387 1643 1879 1914 2010 2035 2281
mony 45 909 1133 1641 1694 1724 1816 2430 2637 2638
mown 15 704 1118 1627 1997 2052 2233 2299 2390 2566
muff 1166 1353 1364 1576 1778 1850 2197 2225 2256 2870
mura 903 1119 1260 1262 1867 1948 2006 2407 2639 2995
murk 476 835 1119 1266 1441 1637 2005 2639 2722 2866
muse 579 1117 1119 1120 1121 1266 1443 1665 1817 3050
ness 581 837 956 968 1077 1272 1273 1819 1924 1978
nils 480 485 709 710 838 932 1317 1339 1822 2650
noil 1193 1267 1387 1879 1914 2001 2035 2281 3573 3774
pact 395 396 486 489 585 1453 2239 2240 2484 3038
paly 82 314 487 1288 1653 2085 2240 2241 2656 2884
para 49 84 584 585 981 1260 2239 2242 2657 2954
pele 82 191 590 720 991 1284 1374 2293 2659 3360
pied 492 843 1392 1605 1755 1799 1832 2070 2306 2445
pity 85 985 1653 2248 2447 2884 2889 2890 3110 3477
plew 1677 1766 1832 1833 1911 2347 2666 2667 3134 3138
plop 1149 1192 1290 1459 1833 1954 2251 2388 2448 2891
polo 191 593 1287 1288 1539 2051 2417 2892 3140 3352
pour 1312 1573 1835 1838 1992 2195 2298 2383 2516 3592
pram 1597 1839 1840 1935 1944 2023 2300 2895 3366 3367
prod 988 1293 1459 1841 2023 2024 2448 2452 2669 2719
prom 1293 1459 1841 2021 2022 2024 2452 2669 2895 3283
pros 249 1293 1459 1841 2022 2023 2343 2373 2452 2669
puke 721 844 991 994 1577 1981 2138 2453 2659 3121
pula 724 991 992 1294 2454 2455 2670 2671 3075 3370
purl 651 724 849 994 1068 1958 2198 2257 2649 2896
pyre 84 154 590 994 1504 1965 2125 2227 2375 3594
raff 1716 1736 1749 1850 2032 2311 2385 2437 2458 2745
raga 50 595 2031 2588 2673 2900 2908 3147 3383 3598
ragi 50 595 2030 2459 2674 2867 2900 2901 3207 3629
riff 1298 1467 1850 2029 2143 2260 2330 2490 2870 3092
robe 320 321 406 732 1002 1003 1141 1624 1848 1849
rocs 119 320 407 502 577 731 858 859 1297 1569
roil 852 1193 1387 1845 1879 1914 2001 2010 2281 2680
room 1140 1300 1625 1725 1846 1847 2296 2365 2678 2750
rota 119 406 1726 2224 2237 2680 2681 2840 2907 3086
sadi 606 2126 2309 2409 2464 2585 2654 2897 2910 3154
safe 52 156 253 323 324 606 607 609 1471 1552
sawn 254 861 1566 1997 2052 2096 2216 2243 2377 3157
scar 408 1145 1670 1671 1685 2048 2057 2263 2466 2467
shad 325 1303 1479 1480 1674 1739 1855 2466 2471 2916
ship 1147 1481 1704 1740 1856 1859 2267 2275 2921 3160
shog 863 1305 1479 1481 1486 2471 2477 2689 2690 3391
shut 325 863 1147 1680 2468 3137 3161 3164 3237 3387
snag 1013 1479 1495 1670 1865 2273 2477 2695 2696 3167
snow 1014 1305 1681 2061 2279 2477 2696 2848 2912 3504
soar 408 1312 1685 2041 2057 2399 2539 2679 2922 3168
soba 159 327 740 1488 1863 2050 2053 2280 2478 3174
soda 327 409 740 1488 1863 2049 2053 2280 2478 2552
solo 410 504 740 1151 1539 2019 2269 2417 2698 3352
sown 120 1015 1489 1627 2003 2040 2299 2390 2566 3157
soya 327 740 741 1488 1863 2049 2050 2280 2478 3528
spas 610 1016 1684 1685 1686 1864 2481 2700 2918 3822
sped 198 1492 1527 1674 1858 2701 2881 2925 3165 3609
stab 1313 1483 1865 2057 2058 2059 2063 2263 2286 2706
star 408 1313 1685 1865 2041 2048 2056 2058 2059 3942
staw 1308 1313 1480 1865 1866 2056 2057 2059 2061 2696
stay 1313 1485 1686 1855 1865 1869 2056 2057 2058 3171
stop 1149 1481 1491 2061 2286 2685 2704 2708 3395 3456
stow 1014 1305 1491 1866 2047 2058 2060 2286 2912 3395
suks 203 411 622 742 867 868 1155 2482 3211 3232
swab 1156 1483 1495 1496 1869 2056 2064 2263 2288 2932
swap 1156 1484 1495 1496 1869 2063 2288 2695 2708 2922
swot 621 738 863 1156 1491 1681 1854 2285 2708 2932
syne 52 53 505 1673 2078 2289 2371 2802 3399 3945
teem 56 745 1316 1672 1872 1873 2140 2486 2874 2937
thee 1321 2294 2304 2488 2937 2938 2965 3184 3193 3296
this 1556 1875 2321 2443 2610 2946 3055 3185 3186 3402
tied 745 872 1392 1605 1755 1799 2015 2306 2489 2492
tray 1546 1775 1840 1946 1955 2072 2300 2496 2497 2720
trey 1321 1696 2071 2668 2716 2720 2830 2938 2943 3191
trig 1731 1963 2074 2170 2717 2718 2894 2944 3192 3411
trog 1841 1883 1956 2073 2075 2498 2600 2719 2720 2944
trop 1459 1883 2074 2137 2497 2498 2718 2719 2720 3263
tule 121 209 628 991 1662 1697 1817 2293 2499 3433
tusk 906 1165 1266 1762 1852 1977 2139 2303 2485 2722
tyne 162 328 1504 1697 1885 2066 2079 2304 2371 2802
type 509 1157 1504 1885 2078 2304 2950 3078 3621 3622
vacs 262 396 473 630 631 690 754 1142 2502 2724
veep 755 862 983 1102 1175 1346 1373 1609 1821 2082
veer 755 1010 1036 1069 1130 1187 1426 1792 2081 2307
waft 266 415 1032 1510 1889 1967 2311 2355 2458 2506
walk 265 331 634 757 1172 1184 1870 1920 2085 2734
waly 265 757 1033 1511 2012 2084 2090 2310 2313 3204
what 325 907 1513 1831 1874 1984 2175 2510 2736 2964
whim 1513 1703 1704 2088 2267 2512 2513 2737 2964 3422
whir 1509 1513 1703 1704 2087 2512 2513 2737 2963 3402
wild 333 417 1040 1329 1331 1638 1890 2090 2176 2472
wily 333 417 1329 1515 1653 2085 2089 2622 2968 3125
wish 1041 1176 1328 1517 2247 2562 2739 2740 2808 2966
woof 884 1062 1134 1431 1596 1706 1788 1847 2514 3423
wove 334 513 759 922 964 1065 1090 1141 1264 1705
yank 521 634 805 1008 1105 1201 1295 1497 1519 1709
yarn 528 881 892 1021 1202 1334 1520 1612 2096 2149
yawn 338 1566 1997 2040 2095 2216 2243 2377 2747 3208
zeps 589 598 886 888 1045 1251 1554 1899 1902 3434
aals 314 341 535 546 608 1339 1525 2760 3436
aced 1338 1527 2100 2102 2112 2113 2519 3215 3532
aged 1183 1527 2099 2101 2102 2112 2113 2519 2521
agee 1183 1524 2100 2521 2530 2983 3219 3580 3841
ahed 1527 1674 2099 2100 2112 2113 2519 3353 3653
alan 1215 1341 1362 2249 2524 2754 3032 3196 3666
alps 421 1341 1525 1712 1713 2322 2324 2993 3231
amid 1714 2106 2528 2757 2758 2987 3215 3457 3729
amin 1714 2105 2757 2758 2981 2987 3002 3220 3657
anis 763 1526 1714 1906 2321 2325 2327 3000 3224
arbs 422 1528 2109 2110 2111 2322 2759 2883 2951
arcs 422 1528 2108 2110 2111 2759 3130 3453 3661
arks 422 1528 2108 2109 2111 2759 3089 3230 3232
arms 422 1340 1528 1712 2108 2109 2110 2759 3662
awed 891 1527 2099 2100 2102 2113 2519 2530 3357
axed 1047 1527 2099 2100 2102 2112 2519 3036 3234
barf 20 92 213 271 892 1529 1716 1718 3966
berm 1240 1529 1532 1720 1830 2359 2486 2593 3464
beta 166 1726 2230 2470 2534 2577 2818 3212 3463
bios 66 128 168 345 346 648 1721 2343 3668
bird 271 904 1188 1535 1722 2332 2387 2764 3427
bowl 169 767 1914 1932 2168 2196 2329 2517 2841
brew 1545 1732 1911 1917 2352 2540 2541 2567 2829
brim 1352 1547 1731 1776 1918 2341 2342 2717 2895
bulk 526 769 770 906 1184 2331 2402 2929 3470
bute 165 170 273 1258 1443 1563 2124 2203 2542
butt 170 772 1055 1542 1719 2123 2436 2536 3142
byre 92 348 1504 1965 2028 2227 2375 2542 3472
cadi 276 277 2038 2309 2409 2585 2654 2897 3676
caid 352 1056 1424 1667 1807 1827 1842 2130 2672
chao 907 1190 1360 1361 1739 1925 2129 2346 3678
char 907 1190 1360 1361 1739 1925 2128 2346 3484
chid 1555 1556 1739 1740 1927 2127 2512 2546 2775
chop 1063 1192 1361 1481 1740 2137 2547 2548 2738
clad 1362 1558 1559 1560 1739 1741 1929 2549 3056
clog 1192 1486 1929 2134 2135 2166 2337 2549 2550
clon 355 1192 1362 2133 2135 2547 2549 2550 3013
clot 530 738 1192 1913 2133 2134 2251 2549 2550
coff 1062 1364 1736 1745 2348 2493 2553 2767 2789
crop 1063 1192 1459 1747 1936 2075 2131 3263 3681
cuke 216 441 529 1563 1577 1981 2025 2354 3121
cusk 906 911 1266 1762 1852 1923 1977 2077 3682
deem 38 536 784 1069 1373 1672 2067 2359 2874
deke 787 914 915 1374 1375 1577 2370 2659 2856
diel 219 357 1754 1755 1759 2361 2795 3024 3380
diff 1576 1749 1756 2032 2330 2490 2789 2870 3092
dirt 359 913 917 1758 1759 2179 2361 2982 3257
drab 1943 1944 1945 1946 2367 2391 2555 2791 3261
duet 659 784 791 1379 2361 2568 2569 2795 2928
dupe 449 660 790 1207 1575 1577 1947 2842 3177
durr 660 905 1367 1761 1948 2257 2369 2639 3030
earn 528 881 892 1021 1072 1202 1612 2095 2571
eath 661 1115 1186 1255 1652 1658 1785 2439 3031
eels 446 611 747 827 895 939 1358 2799 3498
eide 404 427 737 758 976 1027 1159 1399 1905
ekes 452 1280 1950 2154 2155 2372 2374 3414 3499
eves 452 1342 1950 2153 2155 2372 2374 2575 3272
ewes 452 891 1128 1950 2153 2154 2372 2374 3273
eyer 452 2570 2575 2653 2801 2949 3267 3273 3274
fair 793 925 1509 1808 1828 1968 2213 2501 3281
feck 842 1222 1296 1345 1372 1601 1820 1959 1983
fehs 136 224 286 664 1077 1580 1829 2162 2398
feme 454 1375 1382 1580 1813 1971 2161 2264 3048
fete 224 361 1382 1439 1738 2160 2259 2577 2608
feus 136 224 286 664 1077 1580 2159 2810 3041
flak 934 1214 1215 1216 1217 1218 1386 1582 1765
flex 1765 1766 1952 1953 2380 2579 2667 2811 3307
floe 1583 1953 1954 2166 2167 2277 2756 2809 2814
flog 1386 1486 1583 1954 1956 2133 2165 2337 2809
flue 1860 1953 2165 2183 2538 2581 2810 2811 3015
fowl 1387 1768 1932 2119 2196 2382 2517 2813 2841
free 1321 1917 1953 1962 2255 2368 2584 2814 3046
frig 1731 1769 1956 1963 2073 2171 2894 3047 3710
frit 1352 1388 1598 2170 2556 2580 2969 3046 3710
gama 72 289 1082 2173 2214 2588 2589 2590 2868
gamb 72 289 1082 2172 2421 2590 3053 3312 3530
gene 368 459 799 914 1230 1673 1908 2643 3295
ghat 325 907 1233 1772 1831 1874 1984 2086 3060
gild 371 1227 1229 1392 1638 1960 2089 2387 2472
girl 371 1722 1759 2178 2179 2387 2596 2711 2728
girn 2177 2179 2210 2379 2387 2522 2595 2596 2664
girt 1227 1394 2144 2177 2178 2387 2596 2819 2982
glam 865 1214 1558 1594 1597 1910 2597 2824 3056
glee 1524 1593 1953 1962 2183 2821 2822 3057 3296
glow 1014 1536 1583 1777 1833 2388 2526 2823 2824
glue 1594 1860 2167 2181 2538 2825 3015 3058 3066
gong 1230 1289 1349 1377 1389 1404 1499 1682 1803
gorm 803 1205 1220 1562 1896 2389 2593 2876 3063
grid 1598 1774 1776 1963 2393 2528 2599 3088 3714
grum 1594 1597 1776 2793 2817 3054 3066 3298 3454
heap 551 552 1237 1600 1987 2190 2461 2605 2873
heil 377 551 677 1239 1602 2956 3012 3022 3071
help 377 1397 2188 2193 2604 2605 2835 3096 3210
herb 679 1239 1240 1398 1603 1604 1786 3203 3324
holm 139 378 681 807 1244 1396 1787 2193 2604
holp 139 378 681 807 1244 1787 2190 2192 2194
hoop 808 1063 1245 1290 1607 1773 1788 1804 2193
hour 1312 1573 1992 2020 2298 2383 2399 2516 2837
howl 23 1407 1932 1975 2119 2168 2517 2841 3074
huff 1166 1353 1364 1576 1778 1850 2004 2225 2256
hurl 651 943 1068 1093 1239 1958 2027 2649 3077
iris 1547 2353 2403 2850 2927 3088 3089 3531 3537
jape 434 727 1096 1157 1225 1246 1791 1818 2842
jube 1628 1849 1981 2203 2354 2499 2609 2842 3093
junk 526 810 821 923 1099 1137 1154 1589 1780
jute 1249 1258 1443 1563 1981 2123 2201 2608 2842
kaas 297 298 948 1048 1414 1615 1794 2410 3547
kana 949 1613 1635 2411 2412 2613 2641 2843 2844
kart 266 375 435 574 585 913 927 1022 1612
keef 1102 1103 1415 1416 1795 2533 2676 3325 3327
keys 298 688 1251 1414 1417 1533 1621 1753 2413
kilo 561 1420 1421 1581 1815 2219 2269 2417 3328
kirn 1422 1612 2178 2379 2415 2522 2611 2664 3328
kist 832 1109 1176 1243 1385 1394 1420 1423 1928
kora 327 751 1253 1262 1350 1587 1616 2400 2612
lair 951 1424 1509 1808 1828 1968 2157 2501 3549
lama 105 235 1425 1429 2172 2421 2617 2627 2868
laud 952 1424 1619 2328 2386 2428 2432 2746 2857
lawn 145 951 1566 1627 1997 2040 2096 2243 2377
leaf 302 470 692 954 1108 1620 1987 2783 3103
lift 695 1109 1428 1623 1988 2260 2424 2819 3162
lilo 960 1428 1581 1815 2209 2221 2269 2622 2858
limn 568 1256 1429 1800 1990 2221 2222 2623 2860
limo 568 960 1256 1429 2219 2220 2222 2623 2858
limy 568 1256 1257 1429 2220 2221 2622 2623 3601
loin 471 951 1111 1627 1743 1802 2812 2864 3318
lota 189 1726 1991 2037 2237 2625 2840 2865 3086
luff 1166 1353 1364 1576 1778 1850 2004 2197 2256
lush 816 1120 1355 1434 1470 1655 1964 1976 2303
lyre 106 388 965 1504 1965 2028 2125 2375 3556
mach 473 477 572 699 1115 2483 2762 2871 3031
mano 108 147 1635 2430 2576 2632 2637 3106 3557
meta 1439 2116 2231 2470 2577 2818 3107 3212 3558
meth 1115 1439 1644 2230 2534 2633 3072 3183 3567
mini 79 391 971 1261 1639 2634 2635 2869 3767
moan 701 704 1118 1640 1802 1812 2003 2905 3100
moue 47 81 393 578 702 706 972 1264 1848
napa 310 1818 2290 2411 2641 2657 3114 3348 3572
nosh 1263 1292 1541 1649 1746 1882 1961 2406 3120
nota 1446 1726 2037 2224 2438 2646 2840 3086 3574
nous 311 312 583 711 978 1124 1153 2749 3775
paca 395 396 486 2011 2013 2240 2245 2657 3244
pacy 395 396 486 2011 2012 2239 2420 2884 3374
palm 82 314 487 1396 1907 1921 2012 2429 2656
parr 49 84 584 585 981 1737 1828 2013 2257
pawn 114 715 1566 1997 2040 2096 2216 2377 2658
peon 495 717 1283 2442 2520 2663 3135 3314 3350
pica 718 719 1131 1286 2239 2246 2248 2662 3108
pima 1286 1429 2245 2248 2446 2455 2662 2692 3239
pish 716 986 1292 1655 2091 2447 2562 2808 3362
pita 85 1286 2016 2245 2246 2447 2563 2662 2961
plan 717 1215 1362 2103 2250 2665 2887 3032 3196
plat 490 619 934 1348 1831 1839 2249 2251 2665
plot 738 1833 1913 2018 2135 2250 2448 2891 3136
pogy 1133 1288 1571 1837 2254 2339 2425 2449 2582
pond 115 316 988 1133 1289 1455 1540 1767 3431
poxy 1133 1288 1837 1941 2252 2449 2768 2890 3044
pree 1321 1917 1962 2169 2368 2668 2893 3141 3368
puff 1166 1353 1364 1576 1778 1850 2004 2197 2225
purr 849 905 994 1367 2027 2148 2242 2639 2896
reft 856 999 1466 1752 1889 1988 2260 2397 2458
rete 116 117 319 406 1439 1738 2161 2462 2608
rift 1298 1467 2032 2218 2258 2458 2819 3162 3602
road 1464 1595 1801 1846 2678 2679 2712 2741 2905
rout 1140 1543 1695 1806 1838 1848 2598 2682 3381
scab 1145 1483 1670 1671 2041 2056 2063 2466 2467
seme 323 1146 1152 1375 1673 1813 1971 2160 3937
sett 199 255 612 2266 2469 2470 2644 2914 3637
sext 255 612 2265 2469 2645 2914 2934 2958 3806
shim 1147 1303 1856 2043 2087 2276 2474 2931 3160
silk 256 617 864 1306 1814 2269 2331 2472 2929
silo 256 1306 1581 1815 2051 2209 2219 2268 2472
simp 1012 1256 1493 1853 2446 2692 2820 2839 2967
sith 257 503 2447 2479 2691 2693 2740 3097 3388
size 53 503 615 616 618 737 1307 2334 3940
skag 1013 1479 1495 1670 1857 1865 2046 2918 3390
skin 861 1676 1856 2275 2284 2474 2475 2694 3220
skip 1676 1859 2043 2274 2474 2475 2694 2919 2921
slim 865 1309 1487 1859 2267 2474 2597 2920 2931
sloe 738 1014 1149 1486 1678 1860 2165 2689 2756
smit 1147 1309 1676 1687 1862 2287 2800 3164 3584
snob 1678 1681 2047 2286 2477 2932 3166 3330 3393
sofa 327 740 1488 1863 2049 2050 2053 2478 2697
soil 860 1193 1387 1879 1914 2001 2010 2035 2480
souk 739 1153 1310 1312 2283 2480 3168 3320 3646
soup 1153 1312 2282 2480 2626 2682 2922 3017 3155
spin 861 1687 1856 1864 2274 2702 2924 3169 3394
spot 621 738 863 1016 1491 1681 1687 1854 2065
stob 1491 1678 2056 2060 2061 2279 2706 2932 3395
suit 1147 1309 1676 1687 1862 2278 2569 2899 2928
swan 1156 1495 1496 1864 1869 2063 2064 2467 3883
syke 253 616 1150 1885 2066 2370 2816 3152 3399
tapa 10 1157 1689 2235 2411 2657 3180 3400 3812
tarp 29 206 1021 1022 1357 1690 1702 1871 1969
teak 626 743 744 869 1454 1530 1620 1872 2507
tele 121 209 628 746 747 1374 2014 2076 2710
thew 1304 1926 2068 2488 2511 2936 2937 2938 3134
tics 57 260 412 872 970 1131 1317 1482 1498
toom 750 1162 1500 1625 1725 1880 2036 2365 2750
torc 19 210 329 413 751 876 1163 1501 1881
tour 1312 1573 1695 1881 1992 2020 2195 2383 2516
town 59 329 1162 1627 2003 2052 2390 2566 2715
tram 1597 1872 1935 1944 2021 2071 2496 2497 2717
tuna 330 1294 1502 1697 1733 1994 2613 2945 3408
turn 329 1021 1054 1366 2369 2487 2721 2722 2947
tush 1120 1355 1470 1655 1882 1964 1976 2077 2226
tyee 1024 1321 1504 1885 2068 2078 2079 2949 3193
vibe 263 1027 1029 1170 1171 1699 2594 2609 2846
vied 1324 1392 1605 1755 1799 2015 2070 2307 3630
vier 1324 1622 2082 2306 2445 2489 2535 2847 3630
vims 601 788 1012 1028 1242 1324 1340 1507 1822
wadi 264 632 2038 2126 2310 2409 2585 2654 2897
wady 264 632 1033 1511 2085 2309 2313 2851 3204
waff 1716 1736 1749 2029 2083 2385 2437 2732 2745
waul 633 757 1995 2395 2465 2734 2735 2772 3421
wavy 513 1033 1511 2085 2310 2773 3115 3204 3486
wept 332 416 515 883 1889 1892 2414 2469 2619
woks 268 335 336 637 638 639 884 1705 2515
yaks 337 338 519 520 1178 1370 2515 2877 3211
yeld 1335 1397 1437 1890 1960 2725 2971 3210 3425
yups 337 594 761 868 1199 1207 1503 1899 3211
zonk 898 1089 1195 1522 1641 1895 2418 3213 3646
zoos 113 168 172 249 570 802 884 1904 2750
ahis 1556 1714 2069 2107 2443 2610 3000 3055
albs 421 1341 1525 1712 1713 2104 2108 2984
amas 1341 1714 1906 2324 2518 2752 2988 3655
amps 1714 2104 2323 2988 2993 3231 3536 3624
ands 762 763 1526 1906 2107 2327 3217 3502
anta 1526 2989 2990 3225 3226 3227 3451 3650
anus 763 1526 1906 2107 2325 2988 3128 3712
baud 271 643 1717 2215 2386 2432 2746 3004
bawl 270 764 2119 2658 2735 2747 3004 3235
biff 1353 1716 2032 2143 2490 2767 2870 3092
bilk 214 649 1184 1535 1814 2122 2268 2333
birr 905 1535 1722 2118 2535 2764 3670 3830
bisk 906 1185 1347 1535 1916 1939 2331 2904
bize 93 273 427 649 896 897 1347 2272
blae 1348 1723 1728 1909 1910 2524 2538 3005
bled 1593 1832 1858 1911 1952 2537 2540 2765
blog 1486 1536 1912 1913 2133 2166 3006 3668
blub 1679 1909 1912 2537 2538 2581 3014 3466
bogy 167 1571 1724 2252 2425 2582 2766 2768
boob 168 430 524 899 1725 1912 1915 3242
brie 1352 1547 1728 1731 1917 1918 2121 2342
brio 1352 1547 1731 1918 2121 2341 3192 3467
bros 168 1351 1547 1732 2024 2117 2373 3467
bunn 67 526 772 902 1054 1549 1733 3398
calo 527 1920 1921 2543 2603 2771 3009 3011
chai 907 1190 1360 1361 1739 1925 2128 2129
clew 1560 1677 1766 1911 1926 2017 2352 3478
coft 530 780 781 1742 1878 2136 2424 2697
comp 438 1063 1553 1931 2450 2554 2906 3017
conn 68 133 355 440 909 1195 1743 2778
crag 1729 1769 1929 1935 1936 1937 1943 2555
crew 1747 1926 1937 2120 2347 2567 2779 2829
cris 1547 1556 2199 2556 2850 2927 3248 3249
cube 441 654 1563 1628 1849 2138 2201 2499
daft 913 1749 1752 1967 2083 2458 2559 2782
darb 218 782 913 1202 1356 1718 3053 3485
delf 445 446 655 1374 2561 2783 2915 3360
deny 177 282 914 2784 2785 2786 2787 3023
derm 915 1205 1240 1830 2115 2140 2486 2593
devs 38 177 446 785 1371 1753 1843 3488
diet 357 784 917 1755 2142 2144 2146 3257
doat 1189 1376 1378 1640 1742 1772 1945 3026
doby 920 1571 1760 1940 1941 1942 2827 2940
doer 221 1069 1573 1761 2564 2570 2837 3518
doom 1205 1625 1725 2036 2296 2564 2750 3027
doth 135 451 1644 1727 1940 1991 2479 2828
draw 1545 1937 1943 1944 1945 1946 2145 2567
dree 1321 1917 1962 2169 2255 2567 3028 3260
durn 660 1054 1202 1366 1948 2148 2302 3030
dyke 787 1577 1885 2141 2289 2371 2816 3152
dyne 39 99 790 914 2066 2078 2370 2802
emes 452 1950 2153 2154 2155 2374 3501 3870
eros 2024 2343 2572 2573 2574 3035 3268 3506
eses 452 1651 1950 2153 2154 2155 2372 2953
eyre 1504 1965 2028 2125 2227 2802 3509 3706
faro 102 927 1073 1380 1871 1951 2576 2803
fawn 925 1566 1997 2040 2096 2216 2243 3039
fife 225 544 794 795 1213 1298 1623 1893
firn 544 1212 2178 2210 2522 2664 2807 3040
flea 1766 1952 1953 2164 2579 2606 2651 2666
flip 1216 1859 1954 2580 2776 3240 3280 3281
foal 929 1387 1768 2168 2551 2813 3042 3061
four 1312 1573 1992 2020 2195 2298 2516 2813
frap 1216 1388 1769 1936 1955 2497 2584 3424
gaff 1716 1736 1749 1778 2029 2311 2437 2745
gaud 2215 2328 2432 2586 2592 2746 2817 3291
gird 1392 2118 2176 2177 2178 2179 2596 3427
glop 1149 1192 1773 1954 2018 2182 2823 2824
gory 653 803 876 920 2185 2427 2827 3063
gown 1084 1627 2003 2052 2299 2566 3064 3065
grab 1233 1597 1774 1775 2145 2392 2555 3298
gran 1233 1597 1730 1774 1775 2391 2393 3519
grin 1081 1598 1776 1918 1963 2186 2392 2599
guys 104 673 674 1232 1235 1551 1779 2832
haul 373 677 943 1970 1995 2312 2465 2772
hawk 291 549 675 805 1975 2560 2601 3292
heft 555 680 1237 1752 1889 1967 1988 2258
hehs 292 554 944 1238 1398 1783 1829 2159
hoar 552 2048 2195 2539 2679 2837 3069 3722
hora 327 751 1262 1350 1587 1974 2212 3528
hued 553 1092 1492 1605 1782 1973 2557 2683
hulk 684 810 1093 1244 1977 2122 2929 3075
ires 422 979 1696 2199 3080 3081 3087 3089
jean 717 1049 1108 1751 1812 1888 1897 3314
jolt 481 768 780 807 1376 1611 1979 2730
josh 947 1263 1292 1541 1746 1882 1961 2236
jura 903 1867 1948 2005 2995 3093 3094 3539
just 1055 1121 1247 1379 1434 1666 1781 2441
kadi 2038 2126 2309 2585 2654 2897 3095 3322
kafs 297 298 948 1794 1985 2204 2413 3122
kapa 2205 2235 2290 2412 2657 2843 2844 3540
kava 2205 2411 2617 2843 2844 3276 3329 3538
kefs 688 1251 1414 1417 1466 1985 2208 2410
kept 814 1103 1251 1418 2314 2469 2619 3753
kern 1604 1612 1795 2210 2487 3040 3324 3325
kois 562 563 1254 1615 1616 1834 2610 2850
kolo 1539 2019 2051 2209 2612 2849 3332 3352
konk 467 898 1089 1195 1641 1895 1986 2319
kues 622 659 1005 1092 1197 1617 1630 1794
lacy 564 689 690 2240 2615 2851 2854 3374
lamb 105 235 1425 2173 2214 2623 3312 3530
loch 569 1991 2423 2620 2625 2855 2862 3341
loco 569 2422 2624 2625 2862 2863 3016 3140
loft 817 963 1806 1878 1988 2218 2348 2697
logy 306 1430 1571 2252 2339 2427 2582 2863
loll 703 767 1161 1287 1572 1618 1631 1845
lory 106 653 876 920 1111 1805 2389 2425
loud 1801 1805 1806 1992 2215 2626 2857 2864
malm 107 475 1396 1634 1907 1921 2241 3105
many 108 147 1511 1635 2002 2229 3342 3834
marc 24 25 476 574 1114 1260 3345 3349
maud 1807 1995 1996 2215 2328 2386 2630 2746
merl 478 825 828 1114 1239 1637 3345 3346
moor 113 704 705 1642 1643 1835 1915 2564
mosk 48 707 833 1263 1266 1641 1810 1916
mutt 580 1121 1443 1636 1645 2000 2124 3142
naff 1716 1736 1749 2029 2311 2385 2745 3113
noma 1123 1124 1488 1931 2237 2646 3574 3770
oath 246 1115 1186 1255 1652 1658 1785 2150
orts 246 713 979 980 1528 2882 2883 3130
oust 1055 1121 1379 1434 1650 1666 1781 2408
pein 715 717 1283 2244 2677 3145 3201 3643
phis 1556 1834 2069 2321 2610 3055 3794 3795
pial 248 586 1456 1754 2463 2504 2887 2917
pier 843 1130 1622 2015 2307 2489 2535 2847
pimp 1256 1460 2246 2270 2450 2820 2839 2967
pith 85 1652 2016 2247 2248 2271 2740 3097
plod 988 1832 1833 2018 2022 2251 2549 2891
poky 721 1133 1288 1744 1837 2252 2254 3319
pomp 722 987 1290 1460 2349 2446 2892 2906
pooh 249 495 988 1134 1290 1292 1457 1835
prof 1134 1293 1459 1841 2022 2023 2024 2669
puce 486 718 848 991 994 1575 1629 2025
pulp 724 991 992 1460 2026 2656 2670 3300
puma 1294 1460 2026 2246 2627 2671 3029 3370
puny 86 985 993 1133 1136 1137 1294 2628
quid 2672 2898 2899 3146 3372 3373 3714 3798
raft 1657 1967 2029 2083 2258 2260 2355 3375
rani 726 1295 1463 1657 2031 2674 2763 2901
ream 854 855 1464 1473 1720 1872 2461 2678
reap 854 855 1464 1987 2188 2460 2873 3600
rede 196 404 1002 1661 2259 2545 2675 3376
rial 501 854 1754 1844 2444 2504 2917 3380
sari 1143 1472 1683 2038 2852 2910 3154 3808
saul 733 860 1995 2312 2395 2480 2772 3387
scad 1145 1670 1671 2041 2042 2263 2467 2913
scan 1145 1670 1671 1864 2041 2263 2288 2466
scut 1145 1680 1854 2045 2686 2913 3155 3164
sept 255 612 2265 2266 2314 2414 2619 2914
seta 199 2116 2230 2265 2577 2687 2818 3212
shod 863 1305 1481 1674 2042 2044 2689 2690
sild 256 1151 1306 1638 2089 2176 2268 2269
skew 1304 1677 1866 2701 2919 3163 3389 3390
skim 1676 2267 2274 2275 2276 2475 2694 2931
skis 1476 1676 2274 2275 2474 2694 2918 2927
slur 1312 1487 1679 1680 1860 1861 2926 3466
snog 1486 1681 2044 2046 2047 2279 3167 3391
soja 327 740 1488 1863 2049 2050 2053 2280
soth 202 1644 1727 1991 2271 2366 2828 2923
soul 1153 1312 2281 2282 2283 2465 2813 3387
spae 1016 1684 1685 1686 1864 2054 2700 3170
suqs 203 411 622 742 867 868 1155 2062
tach 623 1017 2228 2484 2762 3031 3179 3182
tact 623 1017 1022 2011 2483 2709 3038 3179
task 623 624 1185 1497 1810 1870 1923 2077
term 1240 1830 1872 2067 2115 2359 2487 2593
tern 329 1021 1604 1873 2302 2415 2486 3040
then 1873 1875 2068 2294 2509 2935 2937 2938
tier 872 1622 2070 2307 2445 2535 2847 2949
tiff 1166 2032 2143 2330 2493 2870 3092 3615
tiro 749 1163 1871 2500 2596 2711 2764 2939
toed 163 745 1319 1973 2070 2712 2777 2941
toff 1166 1878 2136 2490 2767 2789 3615 3617
toit 413 750 1164 1695 1878 1879 3026 3412
toph 58 509 1882 2714 2923 2942 3101 3595
trad 1544 1774 2071 2300 2497 2712 2719 3355
trap 1936 2071 2075 2300 2384 2496 2718 3424
trot 750 1883 2074 2075 2716 2719 2720 2831
tube 877 1628 1697 1849 2076 2201 2354 2945
tyro 1163 1504 1871 2491 2939 2950 3068 3594
vair 1167 1322 1509 1808 1828 1968 2157 2213
vavs 262 630 631 754 953 1315 2080 2724
vert 878 1026 1285 1892 2726 2957 2958 3203
vial 511 1506 1754 2444 2463 2728 2917 3419
vino 263 960 1384 1421 1757 1887 1894 2727
watt 63 266 415 1032 1510 1636 1719 2083
weak 882 1034 1173 1454 1530 1620 1888 2292
webs 90 512 516 636 997 1371 1512 1819
when 1174 1703 2488 2510 2511 2965 3205 3634
whet 515 1513 2086 2509 2511 2965 3205 3542
whew 1304 1926 2294 2509 2510 2965 3134 3205
whid 1513 1703 1704 2087 2088 2130 2513 2737
whiz 1513 1703 1704 2087 2088 2512 2737 3794
wool 884 1196 1457 1643 1706 1768 1880 2092
yoks 339 1042 1043 1900 2315 2316 2749 3211
your 1312 1573 1992 2020 2195 2298 2383 2749
yowl 339 1932 2119 2168 2196 2747 2841 2973
abas 1341 1906 2323 2752 2878 2976 3440
abed 1527 2099 2100 2102 2112 2113 3648
aeon 2244 2753 2991 3001 3003 3314 3350
ager 1183 2100 2101 2980 2992 2996 3267
airn 1523 2178 2210 2379 2523 2664 2982
airy 1523 2522 2636 2968 2979 2982 3233
alae 1341 1524 2103 2335 2754 2755 2756
alma 1712 2755 2984 3221 3445 3448 3664
alow 1014 1536 1583 1833 2182 2756 3665
apos 890 2976 2978 2993 2997 3506 3660
arid 2105 2186 2994 3088 3215 3229 3457
aunt 772 791 993 1095 1113 1469 1748
awee 891 1524 2101 2112 2983 3193 3219
bait 424 764 1352 1510 1719 3052 3462
beau 425 426 1049 1344 1530 1720 3667
beef 127 893 1187 1346 1531 2207 2676
beth 166 1186 1727 2116 2231 3072 3183
bier 1187 1622 2307 2332 2445 2489 2847
bitt 128 273 1534 1542 1719 2000 2124
bleb 1909 1911 1912 2336 2338 2765 3138
blue 1860 2167 2183 2335 2338 3015 3466
boar 425 766 1189 1915 2048 2399 2679
bred 1544 1917 2120 2336 2541 2779 3087
bren 1531 1730 1917 1918 2120 2540 3634
byte 165 273 2123 2125 3079 3206 3334
calf 527 1736 1920 1921 2345 2602 2771
casa 436 437 775 1809 1923 2955 3244
cede 276 779 1059 1738 2462 2774 3676
chia 1555 1556 1740 1927 2130 2775 3780
chon 355 1555 2131 2134 2548 3013 3135
chow 1190 1305 1747 1926 2131 2547 3685
clod 1192 2132 2133 2134 2135 2448 2550
cloy 1192 1741 2133 2134 2135 2549 2891
coal 1193 1196 1742 1932 2382 3061 3479
coda 132 779 1194 1930 1931 2050 3018
coif 1062 1193 1743 1745 2136 3247 3482
comb 438 1931 2349 3190 3242 3633 3679
crab 1935 1936 1937 2145 2351 2391 3248
crit 1352 1598 1927 2171 2353 2969 3248
cued 1067 1197 1492 2401 2683 2777 2779
dado 176 2781 2788 2803 3252 3253 3489
daut 913 1970 1996 2355 2709 2782 3485
dawk 36 782 1201 1566 2396 2782 3292
deli 445 446 655 1374 2357 2786 3254
dish 789 1565 1939 2091 2247 2808 3258
dita 134 360 2248 2961 3020 3025 3259
door 1573 1761 1835 1915 2364 2365 2434
dorp 8 538 920 1204 1205 1761 3063
down 101 1566 1627 2003 2052 2299 2390
drew 2120 2352 2367 2368 2829 3028 3260
duct 539 791 1379 1575 2146 2569 3265
duit 791 1379 2146 2287 2568 2899 3026
dyer 924 1069 2156 2364 2653 2797 2949
earl 774 943 1072 1114 1380 2149 2607
eras 1351 2373 2573 2574 3035 3037 3271
ergs 2373 2572 2574 2798 3035 3503 3872
erns 1764 2373 2572 2573 3035 3198 3507
ever 2154 2156 2996 3132 3267 3272 3273
fano 222 285 1209 1384 2229 2376 2803
feta 224 2116 2161 2230 2470 2818 3212
fido 543 1384 1581 2788 2803 2858 3279
fley 1218 1766 1952 1953 2164 2380 2822
flit 934 1309 2171 2381 3222 3280 3281
flub 1582 1679 2167 2338 2810 2811 3014
fogy 457 1571 2252 2339 2425 3044 3045
forb 365 1078 1219 1220 1587 1588 2699
frae 1388 1728 1769 1955 2169 2384 2814
gadi 226 2038 2126 2309 2409 2654 2897
gaed 667 668 1392 1593 1782 2386 2587
gaen 667 1081 2586 2592 2595 2821 3070
gaga 103 1080 2030 2172 2589 2908 3514
gala 367 546 937 1689 2172 2588 3114
gamy 72 289 1082 2172 2173 3051 3290
gasp 798 1082 1083 2733 2834 2902 3293
gaun 1081 2386 2587 2630 2817 3039 3291
germ 1240 1830 2115 2185 2359 2486 3054
gibe 669 1228 1592 2305 2609 2846 3521
gien 801 1392 1990 2178 2587 2821 3765
giro 2177 2178 2179 2387 2491 2764 3068
glim 1594 1776 2180 2276 2824 3515 3516
gout 1543 1695 1772 1806 1838 2262 3058
grip 1598 1776 1963 2186 2393 2718 3262
grog 1777 1841 1956 1963 2074 2831 3297
haik 549 675 677 805 1968 2396 2655
half 184 373 1085 1396 2543 2603 3716
halo 184 373 1085 1396 2345 2602 2835
helm 377 1240 1396 1397 2190 2192 2835
hemp 1238 1789 1971 2188 2190 3323 3401
ilea 2380 2651 2666 3082 3306 3307 3535
jarl 774 812 943 1114 1380 1409 2571
jete 686 1439 1738 2161 2203 2259 3895
jibe 1098 1980 2201 2305 2594 2846 3315
khis 1556 2069 2321 2416 2443 2850 3055
kirk 467 1419 1422 1441 1535 1758 2210
kola 740 1194 1318 1442 1538 2212 2417
kuna 1294 1613 1733 1994 2205 2301 2614
kune 187 571 790 949 1697 1851 2613
laky 300 2420 2770 2851 2854 3335 3575
lati 1 144 1255 2852 2853 2865 3154
lava 301 953 2214 2412 3276 3336 3538
leno 303 383 955 960 2632 2845 3550
lept 383 384 1427 1988 2314 2414 2469
lich 385 958 2422 2855 2966 3341 3379
lief 567 1622 1799 1990 2859 3327 3707
lily 1257 1428 1653 2090 2219 2222 3125
limb 568 1256 1429 2220 2221 2222 2421
lobo 305 1624 2423 2826 2849 2863 3073
loca 569 1863 1930 2224 2422 2423 2862
loup 1804 1806 1992 2283 2428 2682 3017
luma 1429 1433 1632 1994 2214 2455 3029
luny 571 821 1112 1113 1257 1994 2456
luxe 571 965 1258 1432 1628 1629 1993
maun 823 1995 1996 1997 2432 2592 3039
maya 78 1260 1635 1809 2868 3106 3147
meno 1116 2229 2618 2637 2845 3343 3344
mesh 477 968 1120 1263 2231 3107 3378
minx 79 391 971 1261 1639 2232 3317
miri 242 831 1441 2232 2636 2869 3338
miry 242 831 1441 2523 2635 2968 3110
mono 45 1641 2002 2229 2632 3559 3562
mopy 46 706 1561 1760 1816 2002 3150
murr 905 1119 1367 2005 2006 2148 2257
nabe 483 1122 1268 1343 1471 1633 1818
nana 836 1635 2205 2235 2646 3114 3348
naos 310 394 483 484 836 1314 3769
nene 582 712 914 1673 1908 2174 3571
nett 581 837 1444 2265 2645 2875 3637
next 837 1444 2266 2644 2875 2934 2958
nona 712 2237 2438 2641 2790 3213 3574
nude 976 1276 1432 1661 1947 3121 3299
nurd 904 1067 1269 1868 2649 2721 3351
nurl 651 1068 1824 1958 2027 2198 2648
oils 480 932 1317 1339 2009 3125 3358
olea 1281 2380 2606 2666 3579 3582 3919
ours 275 442 849 980 1126 1590 1826
oyer 313 2156 2570 2949 3132 3583 3793
padi 190 2038 2126 2309 2409 2585 2897
paik 395 584 714 715 1827 1828 2601
palp 82 314 487 2012 2241 2454 2911
papa 27 2013 2235 2239 2290 2411 2671
pawl 114 487 714 2243 2329 2735 2747
peke 590 721 844 2014 2025 2141 2856
peri 590 984 1285 1830 2661 2886 2896
perp 590 983 984 1285 1830 2660 2886
pika 844 1286 2245 2246 2248 3361 3608
pion 495 2244 2664 2860 2887 3013 3135
pirn 1458 2178 2210 2379 2522 2663 2887
play 1218 1485 1741 1840 2249 2250 2891
plea 1832 2017 2380 2606 2651 2667 3138
plex 1832 2017 2164 2666 3138 3141 3307
prey 1840 2072 2255 2830 2893 3141 3368
proa 1293 1459 1841 2022 2023 2024 2452
puli 724 991 992 2026 2454 2888 2896
pupa 594 1294 2026 2455 2657 3370 3797
qaid 1424 1667 1807 1827 1842 2127 2457
raia 852 853 1462 1842 2030 3147 3598
raki 317 2031 2459 2901 2910 3095 3599
redd 196 597 998 1464 2462 3376 3382
reef 17 597 1465 1659 2207 2533 3148
rein 853 1139 2442 3148 3201 3605 3643
roam 2036 2261 2460 2679 2861 2905 3042
roar 855 2048 2261 2399 2539 2678 2905
rotl 119 406 1845 2035 2037 2681 2907
roto 119 406 2037 2680 2903 2907 3332
roup 1848 2262 2283 2626 2906 3017 3381
rued 597 1005 1492 2401 2557 3382 3604
salt 156 608 733 1085 1306 1634 2911
scop 1149 1481 1854 2060 2708 2912 3155
scum 1487 1671 2468 2707 2913 3155 3178
sera 327 1146 1478 1867 2470 2688 2726
serf 1146 1478 2687 2915 2930 3156 3325
shoe 863 1305 1481 2044 2277 2471 2690
shoo 863 1305 1481 2044 2471 2689 3807
sigh 2271 2693 3388 3397 3720 3771 3939
sima 1012 1429 1488 2246 2270 3239 3608
sinh 53 54 617 1148 2271 2691 3388
skid 1667 1676 2274 2275 2474 2475 2920
snap 1484 2046 2064 2696 2921 2922 3543
snaw 1308 1480 2046 2047 2058 2695 3517
soft 621 1311 1878 2280 2348 2424 3162
soli 410 504 740 1151 1683 2051 3944
sorb 160 327 1015 1311 1490 1683 2583
spaz 1016 1684 1685 1686 1864 2054 2481
spew 1304 1677 1866 2055 2473 3163 3609
spun 1864 2284 2925 2926 3161 3170 3173
stem 1672 1866 2704 2705 2707 3171 3738
step 862 1866 2060 2703 2705 2919 3171
stet 1313 1491 1866 2703 2704 2928 3171
stub 1679 2056 2286 2707 3166 3172 3173
stum 1487 2686 2703 2706 3172 3173 3178
swop 1149 1481 2060 2064 2065 2685 2932
taut 1022 1158 1695 1970 1996 2484 2559
tela 746 747 1318 1689 2293 3418 3812
tirl 259 749 1722 1759 2177 2491 2728
toad 1319 1595 1801 2261 2492 2496 2741
tody 261 876 1694 2715 2766 2940 3187
topo 58 509 1163 2495 2942 2950 3407
towy 59 876 1694 1933 2299 2713 2940
tret 1321 1696 2072 2498 2943 3046 3191
trim 1776 2073 2121 2300 2718 2895 3192
trip 2073 2075 2497 2599 2717 3192 3262
trod 1883 2022 2074 2075 2496 2498 2720
troy 1883 2071 2072 2074 2075 2498 2719
turd 904 1067 1868 2302 2648 2722 2947
turk 1165 2006 2077 2302 2721 2866 2947
vamp 1082 1425 1553 1656 1690 1750 1853
vaus 262 630 631 754 1158 2080 2502
veld 1397 1437 1698 1890 1960 2317 3418
vera 2503 2687 2954 2957 3202 3203 3418
viny 263 985 1257 1515 1877 1887 2505
virl 511 1722 1759 2177 2504 2711 3419
viva 1171 1887 2959 2960 2961 3025 3329
volt 481 768 780 807 1325 1376 2405
vote 393 406 451 531 1320 1325 1446
waif 633 879 1509 1510 2311 3113 3321
wasp 415 1328 1702 2591 2739 2834 2902
wauk 331 634 1172 2084 2312 3313 3421
wawl 267 633 757 2312 2329 2658 2747
whap 1361 1704 2086 2738 2964 3424 3632
whig 1513 1703 1704 2087 2088 2512 2513
whop 1481 1704 2131 2736 3422 3632 3827
wisp 1041 1176 1517 2091 2733 2967 3554
with 418 419 2091 2271 2447 2966 3097
woad 1331 1518 1595 1706 1801 2261 2712
wont 268 332 1032 1177 1708 1895 3043
wuss 432 579 850 911 1155 1224 1517
wyns 60 65 268 516 1333 2970 3829
yaff 1716 1736 1749 2029 2311 2385 2437
yaud 1334 2215 2328 2386 2432 3425 3636
yawl 338 2096 2329 2517 2658 2735 3208
yerk 984 1532 1637 2971 2975 3091 3638
yous 339 1042 1043 1153 2238 2515 2516
zoom 1625 1725 1904 2036 2296 2320 2365
acts 269 1338 1526 1528 1713 3650
agas 1183 1341 1906 2323 2518 2980
agon 2520 2981 2991 3001 3003 3840
alar 1341 2103 2524 2980 3443 3446
alme 1524 1712 2524 2525 2756 3216
aloe 1524 2165 2277 2524 2526 2755
amia 1714 2105 2106 2758 2987 3229
amir 1714 2105 2106 2757 2987 3500
arfs 422 1528 2108 2109 2110 2111
awls 891 1339 1525 2098 2998 3358
babu 1343 3236 3461 3468 3522 3612
bach 522 640 1186 2228 2483 3031
bani 31 91 521 643 644 2459
biro 1535 1722 2118 2332 2491 2596
blet 893 1348 1911 1913 2336 2537
body 129 1537 1724 2339 2713 2768
boff 1353 1716 2136 2330 2493 2789
boxy 1724 1941 2254 2339 2766 3044
busy 432 906 1055 1354 1355 3674
caky 216 1744 2615 2773 3245 3575
calx 527 1920 1921 2345 2543 3510
caul 527 774 1995 2312 2395 2465
cavy 279 2313 2770 3115 3245 3486
cepe 434 439 1059 1554 1738 2545
chic 1555 1556 1740 1927 2130 2546
clip 1192 1559 1740 1859 2381 3240
coed 1060 1064 1973 2492 2557 2779
coni 68 133 909 1195 2350 3640
cred 2352 2540 2557 2777 3087 3480
cult 780 1198 1359 1368 1748 3483
dato 443 2558 2903 3020 3253 3742
dawt 36 913 1566 2355 2559 2560
deaf 444 783 1568 1751 2217 2357
defy 1752 2358 2785 2787 3023 3254
demy 1375 2358 2784 2787 3023 3255
deni 177 282 914 2358 2561 3254
dexy 1941 2358 2784 2785 3023 3806
dido 1757 2558 2578 2858 3489 3686
doff 1576 1749 2136 2143 2493 2767
dona 99 100 1377 2646 3213 3490
drub 2145 2792 2793 3261 3298 3485
drug 1943 2791 2793 2944 3028 3047
drum 1944 2187 2791 2792 3027 3454
dual 444 1071 1754 2795 3256 3264
duel 659 1071 2142 2146 2794 3285
duos 180 540 658 659 1070 1207
dyed 536 924 1755 2570 2801 3494
eggs 2573 3268 3503 3696 3697 3888
ells 1525 2151 3033 3034 3269 3308
emit 2278 3270 3497 3500 3584 3704
eyed 452 2156 2797 3036 3274 3499
eyne 2066 2078 2371 2375 3507 3700
fado 453 663 2376 2558 2576 2578
fiat 934 1076 1385 1388 3511 3513
fila 181 795 932 1581 2806 2836
film 181 795 932 1581 2805 2807
firm 544 1212 1220 1951 2379 2806
fish 1381 1385 2091 2247 2562 3512
floc 1583 1954 2165 2166 3006 3280
flus 2162 2167 2581 2811 3364 3623
flux 1765 2164 2167 2581 2810 3275
foin 925 1387 1743 2223 3318 3709
foul 1387 1768 2168 2382 2383 2480
froe 1956 1957 2165 2169 2584 3283
fund 366 931 1383 1549 1589 1767
fyke 541 1885 2289 2370 3152 3289
gaum 1594 2187 2386 2592 3054 3291
geta 370 2116 2230 2470 2577 3212
gift 1227 1394 2179 2218 2260 3162
gimp 1082 1256 2270 2446 2839 2967
glen 1593 2181 2587 2595 2822 3057
gley 1593 2181 2579 2821 2830 3057
glob 1678 1912 2182 2388 2824 3516
glom 1594 2180 2182 2388 2597 2823
glug 1594 1861 2183 3057 3058 3363
gobo 372 2624 2827 2849 3073 3713
goby 372 2363 2389 2826 2940 3051
goth 1644 1727 1961 1991 2366 2479
grew 1777 1962 2120 2352 2567 2830
grey 1775 1962 2072 2668 2822 2829
grot 1233 1598 1777 2498 2600 3297
guvs 673 674 1235 1779 2394 3104
haem 676 1396 1599 1782 1966 3070
hasp 290 1086 1969 2591 2733 2902
helo 377 1397 1786 2190 2603 2604
hila 293 1088 2805 3075 3304 3724
hoer 231 1973 2195 2364 2399 3518
hyps 185 186 463 3078 3302 3529
jimp 1256 1982 2270 2446 2820 2967
jota 381 1726 2037 2224 2237 3086
jowl 233 1932 2119 2168 2196 2517
jupe 1981 2147 2200 2201 2203 3177
kaka 2205 2411 2412 2844 3095 3180
kata 297 2205 2411 2412 2843 3020
keno 688 814 1421 2618 2632 3541
kibe 187 950 1796 2305 2594 2609
kier 1622 2307 2445 2489 2535 3327
know 2047 3099 3330 3331 3504 3544
kobo 562 2417 2624 2826 3073 3332
kris 1547 2199 2353 2416 2610 2927
lady 188 469 2310 2420 2615 2854
lari 143 952 1106 2464 2616 3338
latu 1 144 1255 2616 3339 3825
lazy 1107 2420 2615 2851 3342 3524
lech 2422 2620 3133 3182 3209 3341
leke 300 693 1798 2141 2659 3760
leud 954 955 2215 2428 3041 3552
lido 959 960 2219 2221 2578 2788
lieu 567 1622 1799 1990 2621 3339
lion 471 1800 1990 2220 2663 3013
loam 1625 1801 1802 2678 3042 3103
loci 569 2422 2423 2625 2865 3708
logo 306 1430 2423 2425 2624 3713
loid 1424 1801 1805 2223 2428 3960
loti 189 1991 2224 2616 2862 2907
lurk 819 821 965 1106 2006 2722
magi 12 822 2031 3207 3629 3762
mama 1260 1635 1809 2172 2214 2631
midi 389 2232 2635 3112 3116 3238
miff 2004 2032 2143 2330 2490 3092
much 835 1120 2228 2974 3175 3356
nary 1033 1269 1647 3115 3200 3349
neap 1270 1444 1821 1987 2188 2461
neem 1271 1672 1821 2067 2140 3570
newt 837 1273 1444 2644 2645 3776
norm 1205 1220 1562 1896 2185 3119
oaks 246 1126 1370 2316 3122 3575
obas 1448 2518 2879 2880 3123 3578
odas 1279 2878 2880 3124 3578 3777
okas 1280 2878 2879 2918 3578 3781
oped 1127 1527 2055 3129 3353 3357
opts 246 713 980 1127 2440 3587
orbs 979 2108 2440 2951 3130 3787
paty 4 398 1652 2012 2016 2240
peag 315 490 586 587 717 1454
perv 590 984 1285 1830 2660 2661
pian 717 1456 2249 2444 2663 2664
pili 248 720 1653 2670 3304 3361
pipy 153 985 1653 1654 2016 2890
pixy 985 1653 2016 2254 2889 3772
ploy 1833 2018 2251 2448 2550 2665
pomo 722 987 2019 2450 3140 3305
prep 983 1459 2255 2668 3141 3368
prig 1731 1841 1963 2073 2170 2895
prim 1776 2021 2023 2121 2717 2894
puri 849 994 2027 2257 2660 2670
qadi 2038 2126 2309 2409 2585 2654
quad 2457 3264 3371 3596 3597 3798
quit 2287 2457 2569 3146 3372 3373
ragg 50 595 726 2030 2031 3741
rami 251 1656 2031 2459 2674 3322
rasp 497 995 1656 2591 2733 2834
rato 51 116 1658 2681 2781 3742
risk 729 857 1001 1852 1939 2333
roan 1802 2233 2261 2678 2679 3100
romp 859 1656 1663 2349 2450 2682
roti 119 406 2037 2680 2681 2865
saga 87 607 2030 2588 2909 3153
sago 87 607 2908 3153 3253 3805
saki 253 2038 2464 2674 3095 3154
salp 156 608 733 1853 2656 2684
scow 1014 1305 1854 2047 2061 2685
scud 2466 2468 2686 2925 3155 3172
sect 255 612 1474 2265 2266 2469
self 611 1011 2357 2688 3156 3360
shah 325 1303 1479 1480 1855 2042
sial 256 735 1754 2444 2463 2504
skas 610 1857 2054 2273 2475 2880
skep 862 2275 2473 2704 3389 3390
slid 1309 1667 1858 1859 2276 2694
snip 1859 1862 2043 2275 2695 3393
soap 1484 2048 2064 2283 2695 3168
soph 201 2479 2495 3101 3595 3946
spic 1687 2284 3169 3394 3505 3609
spud 2055 2702 2913 2926 3170 3172
spur 1312 1685 2476 2702 2925 3170
sris 1476 1547 2199 2353 2475 2850
suet 622 1492 2146 2287 2705 3176
sulk 866 1154 2122 2268 2402 3810
surf 1365 1688 1867 1868 2688 2947
swim 1496 2267 2276 2474 3178 3611
swob 1678 2063 2065 2279 2286 2708
tali 121 507 1689 1870 3181 3614
text 748 869 1023 2266 2645 2958
than 1874 1875 2488 2936 3184 3326
thaw 1190 1480 1874 2294 2935 3184
them 2067 2068 2294 2488 2938 3653
they 2068 2072 2294 2488 2937 3205
thro 1163 1871 2491 2500 3185 3813
toby 876 1694 2363 2713 2715 2827
toea 163 751 1318 2492 3188 3836
topi 58 509 1501 2495 2714 3405
trek 1321 1696 2072 2716 3191 3260
trug 2073 2074 2792 3047 3403 3618
tuba 877 2301 2499 3093 3174 3408
tuis 330 510 753 877 1503 2069
turf 1166 1365 2302 2721 2722 2930
twat 869 1156 1874 3409 3410 3412
tyer 1024 2156 2304 2489 2570 2653
typo 2079 2500 2714 3529 3621 3622
urbs 2108 2883 2952 3198 3199 3416
urus 2951 3198 3199 3249 3416 3623
uses 1651 2374 3414 3417 3823 3824
vara 630 1260 2013 2726 2955 3200
vasa 1323 1809 1886 2544 2954 2960
veil 1167 1506 2189 3012 3022 3201
very 2503 2726 2979 3200 3203 3266
vext 878 1026 2266 2503 2645 2934
viga 1028 1887 2729 2960 2961 3514
visa 1699 1887 2729 2955 2959 2961
vita 1887 2248 2563 2729 2959 2960
vrow 1293 1732 1747 1777 1883 1957
weir 882 1036 1509 2088 3071 3752
wham 1303 1360 2086 2087 2736 3422
whee 2068 2509 2510 2511 3205 3296
wich 1514 2091 2620 2740 3379 3828
wimp 1256 2270 2446 2739 2820 2839
wiry 518 1033 1515 2090 2523 2636
writ 1352 1510 1513 1598 2171 2556
wynd 1038 1040 1327 2744 3386 3829
yelk 1335 2317 2748 3210 3430 3638
yipe 761 961 1000 1307 1516 1654
yowe 339 1180 1407 1626 1900 2517
yuch 1181 2871 3175 3209 3356 3641
zerk 984 1532 1637 2748 3091 3435
abos 2518 2527 2978 2997 3440
ache 3216 3441 3442 3495 3649
ados 2527 2976 2997 3217 3817
aery 2523 2957 3218 3233 3266
agar 2521 2752 2754 3443 3446
agin 2106 2753 3002 3220 3839
airt 1523 2144 2179 2522 2523
akee 1524 2101 2530 3219 3389
alba 2322 2525 3221 3448 3647
alef 421 1524 3447 3478 3654
ally 1525 3309 3438 3444 3842
amie 1714 2105 2106 2757 2758
amus 1714 2323 2324 2327 3501
anga 2326 2990 3221 3225 3226
anoa 2326 2989 2991 3225 3226
anon 2520 2753 2990 3001 3003
aper 890 1527 2521 2996 3452
apps 890 2104 2324 2527 3231
aril 2528 2999 3224 3229 3455
aura 903 1867 1948 2005 2407
aver 1342 2521 2575 2992 3132
avos 1342 2527 2976 2978 3665
awns 340 891 2760 3459 3589
axil 2994 3000 3224 3234 3460
axis 1047 1714 2107 2321 2999
axon 2520 2753 2991 3003 3705
ayin 2106 2981 3145 3195 3220
azon 2520 2753 2991 3001 3666
bawd 271 643 1717 2328 2329
blah 1348 1723 1909 1910 2335
bloc 1536 1912 1913 2337 2809
boyo 431 1539 3241 3243 3407
brut 901 1352 1543 3237 3671
camo 130 278 1553 2345 3011
caph 34 434 775 3011 3540
capo 34 434 2345 3009 3010
ceil 1057 1193 2189 2956 3022
cion 355 2134 2547 2663 2860
club 1679 2338 2581 3015 3474
clue 1860 2167 2183 2538 3014
coco 908 1930 2423 3140 3680
coup 1063 2283 2349 2626 2682
coxa 1194 1930 1931 2552 3561
damn 98 356 1202 1566 1750
data 443 2563 2781 2844 3252
debt 282 655 784 1371 1752
deil 444 445 2189 2956 3012
dewy 785 2358 2784 2785 2787
diol 219 1754 1759 2142 3419
diva 918 2563 2729 3329 3488
doit 1376 1378 2362 2494 2569
doum 1205 1573 2365 2793 3491
dreg 1943 2368 2567 2792 3260
duma 1578 1948 2455 2627 3493
duro 660 1948 2148 2369 3875
each 2150 2228 2483 2762 3701
elan 1215 1362 2103 2249 3196
elds 2799 3034 3126 3269 3502
elms 1712 2799 3033 3269 3698
errs 1072 2373 2572 2573 2574
exed 1950 2113 2801 3499 3703
eyas 452 2572 3144 3271 3385
fact 792 927 928 2011 2484
faun 925 2377 2592 2630 3275
fern 1382 1604 2379 2415 2487
feud 542 931 2162 2857 3278
foam 1214 1220 2382 2678 2861
font 287 1078 1586 1767 2742
foxy 1941 2254 2582 2768 3045
fozy 1934 1942 2582 3044 3354
fret 1211 1388 2169 2171 2716
frug 1769 1956 2170 2792 2944
fume 454 2160 3050 3287 3711
fury 1354 1590 1958 3539 3711
fuse 1224 1665 2007 3048 3287
gaby 288 2590 2827 3236 3290
gait 798 1081 1510 1598 2531
garb 369 1356 1718 2173 2356
geum 1594 2187 2593 2817 3570
ghis 1556 2069 2321 2443 2610
glad 1593 1595 1774 2132 2180
gleg 1593 2181 2821 2822 2825
glut 1594 1680 2183 2598 2825
gnar 1226 3060 3098 3517 3520
gnat 1233 1772 2175 3059 3517
goal 1595 1771 1772 2382 2551
golf 1229 1596 3067 3149 3423
gorp 803 1773 2185 2389 2565
gowd 1229 1231 1595 2390 3065
gowk 940 1975 2390 3064 3292
grue 1962 2183 2187 3298 3618
gulf 1234 1778 1779 3062 3300
gyro 1965 2500 2596 3594 3715
haar 552 1968 2399 3716 3761
haen 676 1782 1966 2587 2833
heir 552 1968 2189 2963 3752
heth 292 1785 2231 2534 3183
hobo 230 2624 2826 2849 3305
howf 23 1407 1788 1975 2196
hula 1093 2026 2402 2836 3724
hunh 296 810 1095 1408 1976
hurt 375 1095 1368 2198 3833
hype 809 2079 2838 3079 3529
hyte 376 2542 3078 3206 3334
ices 1338 2403 3081 3532 3885
ides 1279 2403 3080 3306 3533
ilia 2606 3515 3535 3732 3739
ilks 3089 3269 3308 3310 3535
inly 3309 3311 3534 3730 3782
into 3415 3585 3731 3734 3735
iota 1726 2037 2224 2237 2840
ired 2403 2540 2779 3088 3532
irid 2186 2199 2528 3087 3729
irks 2110 2199 2403 3083 3310
jeez 380 1097 1609 1792 3294
jerk 984 1532 1637 2748 2975
jiff 2032 2143 2330 2490 2870
juba 2201 2407 2945 3094 3174
juga 1100 2407 3093 3383 3432
kaki 2409 2674 2843 2910 3322
kelp 1102 1418 2190 3210 3323
kith 299 950 2271 2447 2740
knar 3059 3333 3543 3751 3900
knot 1681 2848 3330 3331 3545
koan 1615 1802 2233 2905 3326
koph 563 2495 2923 3540 3595
lipa 387 961 1429 3337 3572
loaf 1431 1801 1802 2217 2861
luvs 820 953 1630 1632 2832
maim 474 823 1807 1808 2429
mayo 78 2229 2631 3557 3750
mesa 968 1809 2230 2633 3558
mica 479 575 970 1639 2245
miso 576 832 1117 1815 3362
mity 243 2000 2016 2636 3477
mixt 390 832 971 2000 3513
modi 26 972 2869 3118 3560
naif 1267 2437 2732 3321 3568
nala 1689 2235 2589 2641 3348
navy 1122 2313 2773 2872 3486
nidi 976 2869 3118 3238 3907
nixe 582 976 977 1274 3772
nodi 711 1276 3112 3116 3119
nori 1501 1683 2876 3118 3645
nosy 1363 1649 1837 2236 3151
nuke 1577 1981 2025 2138 2647
oafs 246 1126 2410 2877 3778
obis 1448 2878 3531 3576 3577
odds 1279 1826 2879 3126 3217
oily 1653 2090 2622 2650 3782
olds 1281 1826 3033 3124 3917
omen 3129 3131 3359 3583 3657
onus 1449 2327 3587 3712 3783
open 1127 2881 3127 3131 3359
orcs 979 2109 2440 2883 3788
oven 3127 3129 3132 3272 3359
over 2575 2653 2996 3131 3583
pech 842 1129 2855 3182 3209
phew 1304 1926 2017 2294 2511
phon 495 2244 2547 2663 3136
phot 863 1831 2251 3135 3137
phut 1831 1838 2045 3136 3237
pleb 1832 2017 2537 2666 2667
plum 1487 1594 3223 3363 3364
poco 846 2019 2423 2892 3016
prex 2255 2667 2668 2893 3368
putt 195 993 2124 2436 3143
putz 195 3142 3286 3340 3642
pyas 315 1456 1461 3037 3385
pyin 715 2442 3002 3195 3933
quin 2457 2899 3372 3373 3605
raya 252 2030 2631 2673 3598
reif 1139 2676 2677 3156 3568
rolf 321 1845 1847 3062 3423
ropy 732 1561 1760 2638 3151
rosy 1003 1363 1837 3120 3150
ryke 317 1885 2289 2370 2816
sagy 87 607 2908 2909 3245
sati 324 2038 2464 2616 2910
scup 2283 2468 2685 2686 2913
seif 1476 2688 2915 3148 3568
sewn 613 1475 2040 2052 3525
shea 1304 1674 3159 3935 3938
shes 18 622 1304 1674 3158
shiv 1147 1856 2043 2267 3169
shun 1856 2045 2702 3173 3387
sift 1306 2218 2260 2697 2819
smew 1304 1677 1866 2473 2701
smut 1680 2045 2278 2468 3392
sned 198 1492 1674 1858 2055
snub 1679 2279 2706 3167 3393
snug 1861 2046 2477 3166 3392
soak 739 1310 2048 2282 2922
spiv 1687 2284 2924 3160 3394
spue 1860 2481 2702 2925 2926
stey 1866 2059 2703 2704 2705
stud 2706 2707 2913 2925 3173
stun 2702 2706 2707 3161 3172
suba 411 1867 2049 2945 3093
such 866 2871 2974 3356 3397
suer 622 1010 1492 2928 3604
supe 868 1307 1688 2147 2842
swum 1487 1496 2686 2707 2931
taco 623 1017 1871 2483 2484
taka 506 1689 2290 2843 3400
talc 121 507 1689 1870 2933
tech 2483 2855 3133 3183 3209
teth 207 2231 2534 3072 3182
thae 1874 2068 2935 2936 3409
thio 1875 2069 2939 3192 3402
thus 1158 2069 3403 3802 3814
tidy 1159 1877 2713 3616 3686
toga 208 751 1318 2941 3428
tolu 209 1161 1318 1319 3617
tomb 629 875 2554 3242 3633
tref 1321 1696 2072 2716 2943
trio 2073 2342 2717 2718 3185
twee 1321 2068 2304 2530 3409
twin 1019 1875 3195 3411 3412
tyin 1019 1875 3002 3145 3194
ulan 1215 1362 2103 2249 3032
undo 3415 3625 3626 3820 3956
urns 2574 2951 2952 3199 3416
urps 2951 2952 3198 3416 3624
vary 630 1033 2872 2954 2957
vein 1322 2442 2677 2956 3643
vena 878 1698 1887 2726 3418
verb 2191 2503 2726 2957 3324
waxy 1033 1511 2085 2310 2313
whey 2509 2510 2511 2938 2965
wyte 418 2542 3079 3334 3635
yagi 519 2031 2867 3429 3629
yawp 338 2096 2747 3293 3636
yech 2855 2974 3133 3182 3426
yelp 1335 2190 2317 2971 3096
yuks 2062 2316 2318 2515 3232
zeta 2116 2230 2470 2577 2818
zona 1522 2319 2646 2790 3836
able 3437 3438 3439 3853
acid 2099 2105 2528 3457
acme 2755 2977 3441 3442
adds 762 2325 2978 3124
aero 1786 2979 3246 3435
ajee 1524 2101 2530 2983
akin 2106 2274 2981 3002
alga 2525 2984 2989 3448
alit 1309 2580 3652 3654
alum 1487 1594 3139 3454
anil 2107 2994 2999 3450
anna 2326 2989 2990 3226
ansa 2326 2989 2990 3225
anti 1526 2326 3451 3735
area 422 3229 3627 3848
aria 2528 2757 2994 3228
asks 2110 3231 3232 3948
asps 2104 2324 2993 3230
auks 2062 2110 3211 3230
awry 2523 2979 3458 3459
axel 1047 2113 2999 3460
baal 270 764 1048 2329
baby 1343 2761 3051 3461
bhut 1543 2045 3008 3137
bidi 345 427 2869 3116
bima 1429 2246 2692 3463
blip 1859 2381 2776 3669
boho 1539 3007 3243 3680
bomb 2340 2554 3190 3633
bozo 1539 3007 3241 3562
caca 1930 2239 2544 3675
cagy 773 2770 2773 3153
cero 1059 1786 3218 3435
coir 1193 1743 2553 3774
crib 2353 2555 2556 3261
crus 2353 2952 3480 3481
cyme 130 438 3683 3967
cyst 437 781 1928 3962
dada 176 2558 3020 3348
dago 21 2558 2781 2909
defi 1752 2561 2784 2786
demo 1375 2785 3343 3684
dhal 444 1754 2794 3860
dipt 220 917 2144 2361
disc 789 1939 2562 3512
ditz 134 360 2563 3803
drek 2368 2567 2943 3028
drib 2145 2791 3248 3262
drip 2599 2718 3261 3263
drop 1459 2075 2137 3262
duad 1568 2794 2898 3494
duci 539 1575 2568 3284
eery 2957 2979 3498 3509
eger 2156 2521 2575 3273
egos 2373 2798 3506 3697
elks 2799 3033 3034 3083
emic 2800 3500 3505 3508
etas 2572 3037 3628 3702
even 2154 2575 3131 3274
ewer 2155 2156 2575 3267
eyen 452 2156 2801 3272
faux 2811 3039 3510 3861
fava 455 2412 2617 3538
feeb 136 542 1210 1211
feod 542 931 1585 3041
fico 794 1384 1581 2578
flic 2381 2580 2809 3281
flir 2157 2381 2580 3280
folk 1244 1584 1588 3430
from 1956 1957 2023 2814
fuci 1222 3265 3708 3878
fuel 1210 1223 1958 2795
futz 3143 3288 3340 3642
fuze 1074 3048 3050 3288
fuzz 3286 3287 3856 3876
fyce 792 794 2816 3399
gapy 73 1225 2590 3051
gaur 2386 2592 2817 3421
gawk 2396 2560 3065 3293
gawp 1082 2591 3208 3292
geez 182 668 1770 3090
genu 459 799 2174 3344
ghee 1962 2068 2181 2965
grok 940 1777 2600 2831
grub 2187 2391 2791 3066
gude 1432 1661 1947 2647
gulp 1234 1779 2454 3067
gyms 72 1235 1591 3302
gyps 73 460 2838 3301
gyve 547 1592 1965 3521
hili 293 1088 2836 2888
homo 682 2892 3073 3527
idea 2606 3081 3533 3579
ilex 2164 2606 2667 3884
ills 1525 2799 3083 3309
illy 2986 3084 3308 3534
inks 3083 3089 3311 3733
inky 3084 3310 3730 3886
jamb 945 2173 2421 3530
jauk 1608 2734 3320 3743
jeon 2244 2404 2520 3350
jibb 1098 2609 3465 3607
jinn 465 1099 1800 3317
jinx 465 1099 2634 3316
join 1743 2223 2812 3746
joky 1610 1744 2449 3745
jouk 1411 2282 3313 3646
kaif 1101 1250 2732 3113
kami 1413 2409 2901 3095
kemp 1102 2605 3096 3401
kerb 2191 2415 3203 3325
kerf 2207 2415 2688 3324
khan 1984 2935 3100 3754
kief 2207 2621 2847 3707
kiln 561 1420 2209 2210
kiva 1613 2412 2729 3025
knob 2279 2848 3099 3331
knop 2848 3099 3330 3543
koto 2417 2681 2849 3541
kyar 3098 3548 3751 3758
kyte 950 2542 3079 3206
lakh 300 816 1255 2615
leva 2617 3488 3550 3551
lira 388 1429 3102 3338
liri 388 2635 2852 3337
litu 237 304 2853 2859
lutz 1258 3143 3286 3642
lych 2422 2620 2855 3828
mazy 824 2430 2854 3524
memo 1438 1813 2632 3255
menu 1116 2632 3295 3763
merc 828 1637 2431 2433
mewl 478 825 969 2433
meze 824 828 1439 1813
nada 2235 2641 3114 3252
narc 1269 1647 2431 2872
neon 1648 2244 2520 3314
nerd 1269 1271 1603 2648
nolo 1539 2019 2051 2417
ohed 1674 2102 2881 3357
oozy 1934 1942 3045 3785
orad 1544 1774 2496 3588
ouch 2871 2974 3175 3927
owed 1128 2112 2881 3353
owls 1128 2650 2760 3589
oxen 1451 3127 3129 3131
pelf 1284 2014 2357 2915
piki 844 2662 2888 3404
piso 986 2247 3109 3591
plug 1861 2825 3139 3364
plus 2810 3139 3363 3623
poet 990 1291 1838 3932
prao 1839 1840 2021 3367
prau 1839 1840 2021 3366
prez 2255 2668 2893 3141
pugh 401 1655 3397 3420
puja 1294 2026 2455 2671
quay 2898 3596 3597 3934
quip 2457 2899 3146 3373
quiz 2457 2899 3146 3372
racy 725 851 2240 2420
rapt 155 727 1657 2458
redo 196 2462 2675 3377
repo 598 3376 3590 3600
resh 995 999 1470 2633
rich 499 729 2620 2966
riel 501 1465 2142 2463
roux 1848 2262 2682 3491
rudd 1661 2675 2683 3396
ruga 603 2030 3094 3432
ruly 1662 3492 3603 3800
ryas 1301 1844 3037 3144
rynd 998 1463 1660 2970
shul 2045 2465 2480 3161
sidh 737 2271 2691 2693
skee 2473 2919 2983 3390
skeg 2273 2473 2919 3389
smog 1486 2044 2477 3392
smug 1861 3164 3167 3391
snib 1862 2279 2921 3166
spik 1687 2284 2924 3169
stoa 1491 2060 2061 2286
sudd 867 1492 1868 3382
sugh 2691 3175 3369 3420
sunn 203 1154 1494 2344
syce 615 2066 2289 3289
taxa 1689 2290 3180 3614
temp 1690 1884 2605 3323
thir 1875 2069 2088 3185
thug 2944 3186 3475 3814
tiki 873 3361 3405 3406
tipi 412 2942 3404 3406
titi 260 3404 3405 3835
toyo 752 1163 2714 3007
tufa 1166 2301 2945 3620
twae 2948 3184 3193 3410
twas 744 2948 3409 3815
twig 2073 3194 3412 3611
twit 2494 2948 3194 3411
tzar 626 3484 3619 3740
ukes 1280 2153 2953 3417
unto 3085 3197 3585 3625
urds 2951 2952 3198 3199
utes 1715 2953 3414 3628
vela 2710 2725 2726 3202
viol 511 2504 2728 3024
vugh 1508 3369 3397 3631
waur 1509 2312 2734 3291
whom 2087 2738 2964 3827
wolf 1331 2092 3062 3149
wrap 1936 2384 2497 2736
yald 1334 1717 2317 2746
yeah 1179 1897 1898 3209
yird 1334 2118 2387 3830
yoga 3188 3429 3432 3639
yogi 3207 3428 3639 3640
yolk 1244 1337 2971 3282
yond 1540 1767 2253 3640
yuga 3094 3383 3428 3641
yule 991 1662 1817 2076
zeks 1045 1798 1902 2097
zero 1786 2975 3218 3246
aahs 1200 1783 2098
abbe 3214 3439 3647
ably 2986 3214 3444
abye 3214 3437 3440
abys 2518 2976 3439
acne 2977 3216 3442
acre 2977 3216 3441
afar 2754 2980 3446
agly 2986 3438 3950
agma 2525 3664 3838
ajar 2754 2980 3443
alec 421 1524 2985
alfa 2525 2984 3221
alto 1713 3843 3852
anal 1906 3224 3460
ante 1526 2326 3227
apex 890 1527 2992
arco 2109 3661 3847
arum 2187 2793 3223
aryl 2994 3651 3658
atop 2060 3850 3851
avid 2105 2528 3215
away 1869 3233 3459
awny 2998 3233 3458
axal 2999 3234 3450
baba 1343 2761 3236
baht 424 1719 2531
bema 2116 3239 3770
berg 1532 1734 2115
bibb 648 3315 3607
blur 2338 2476 2538
broo 1732 2342 2343
bubu 350 2761 3672
buhl 651 770 3673
bulb 770 1550 2122
bumf 771 1353 1548
byrl 651 1722 2125
chef 1926 3478 3677
chub 3014 3475 3476
chug 3403 3474 3476
chum 1360 3474 3475
city 778 2016 3110
clef 2347 2985 3473
coax 1742 2551 3722
crud 2779 3249 3481
crux 3249 3480 3671
cuif 1364 1365 2553
culm 1198 1921 2780
czar 2129 3413 3740
daub 2356 2559 2791
davy 2313 2773 3115
desk 1372 1762 1939
deva 2360 3025 3336
dodo 2558 2788 3687
dopa 449 1760 2790
doux 1573 3027 3381
duly 1071 3384 3689
dumb 1578 3029 3908
dyad 1568 2797 3264
eche 2977 3691 3692
edgy 3693 3696 3865
edit 2800 3652 3704
eely 2151 3266 3800
eked 2153 2801 3036
emir 2758 2800 3270
emus 2372 2988 3863
ends 2325 3033 3503
engs 2573 2798 3502
enow 2047 2848 3871
epic 2924 3270 3508
epos 2373 2527 3268
erne 2574 2802 3700
etic 3270 3505 3791
eyry 2375 3266 3706
falx 926 2771 3275
fiar 1075 2804 3553
fisc 1385 2808 3258
fixt 1385 2804 3111
giga 548 2588 2959
glia 2597 3082 3516
glib 2597 2823 3515
gnaw 2696 3059 3060
goer 672 2364 2837
guan 2392 3520 3832
guar 1226 3059 3519
gybe 1965 2594 3303
habu 2761 3523 3612
haku 461 3522 3599
hazy 1236 2854 3342
hewn 944 1604 3157
hogg 295 1404 3773
homy 682 1787 3305
hoya 683 2053 2400
hypo 2838 2950 3078
iamb 2173 2421 3312
ibis 2199 3123 3537
iced 2099 3080 3087
idem 3081 3306 3738
idly 3084 3309 3726
ilka 2606 3082 3083
imps 2324 3624 3891
iwis 2199 3531 3965
java 2412 2617 3276
jury 1354 2407 3049
kaph 2411 3010 3101
keto 2845 3332 3826
khet 1103 1984 2510
knap 2695 3098 3331
knew 2848 3659 3899
knit 1862 3099 3821
koel 1416 3573 3901
kvas 1414 1615 2204
kyat 1984 3333 3758
laic 951 1424 2213
levo 2618 3336 3551
levy 3336 3550 3855
lewd 954 955 2857
liar 302 1622 3511
lisp 1109 1256 2739
lulu 1631 3810 3902
lyse 565 818 2227
mako 308 2229 3106
mega 700 2230 3107
mojo 2637 3562 3687
momi 244 578 3112
moxa 1262 1442 3018
mozo 2637 3243 3559
mugg 482 3631 3766
mumm 975 1646 3565
mumu 975 1646 3564
mycs 473 577 970
myth 1115 1644 2231
neif 3113 3148 3156
neuk 1820 3570 3638
neum 2874 3054 3569
neve 1122 2643 3906
nipa 710 2235 3102
noel 978 2010 3546
nova 2237 2438 2646
oaky 2615 2770 2877
obia 3123 3577 3780
obit 3123 3576 3584
ocas 2878 2879 2880
odea 1279 2651 3306
ogee 2101 3581 3779
ogle 3580 3779 3923
oleo 1281 2651 3918
omer 2653 3127 3132
omit 2278 2800 3577
onto 3085 3415 3926
opal 3588 3786 3792
opus 1127 2882 3128
oral 3355 3586 3792
owns 1128 2998 3358
pepo 589 3377 3591
peso 493 3362 3590
pouf 1134 1838 2020
psst 489 493 990
pyro 2028 2500 3068
qoph 2495 2923 3101
quag 2898 3371 3597
quai 2898 3371 3596
raja 2030 2673 3147
raku 317 2674 3523
repp 598 2461 3377
rimy 601 1299 2222
riot 1140 2260 3804
ruby 602 1849 3384
ruer 1005 2683 3176
ruin 853 2677 3146
ruth 605 1470 1658
sibb 614 3315 3465
sika 616 2662 2692
spec 2055 2701 2924
sumo 742 1493 3807
swig 1495 2931 3411
tabu 204 2761 3522
tael 507 1018 1316
taxi 2933 3400 3762
teff 1166 2490 2493
tivy 1877 3187 3744
tofu 1878 2493 3189
true 1321 2944 3066
tsar 626 3413 3925
tuft 1166 1878 3408
typp 2079 2950 3622
typy 2079 2950 3621
ulus 2810 2952 3364
umps 2324 3199 3536
unco 3197 3415 3819
unde 3197 3820 3955
urea 3228 3958 3959
utas 3271 3417 3822
vagi 2031 2867 3207
view 1324 2306 2307
vugg 1508 3420 3563
whup 1704 2736 2738
womb 2554 3190 3242
wren 1174 2509 2541
wyle 265 417 3206
yaup 2746 3208 3743
yett 2265 2644 3964
yeuk 2748 2971 3569
yogh 3428 3429 3831
yoni 2778 3429 3431
yuca 1181 2974 3432
yutz 3143 3286 3340
zein 2442 2677 3201
zinc 420 887 1903
zori 1501 1683 3119
zouk 2282 2319 3320
abba 2984 3437
abet 2519 3837
achy 2977 3849
acta 2326 2751
acyl 3455 3658
adit 3222 3497
ahem 2102 2937
alif 2985 3222
amah 2323 3854
ambo 3844 3953
amen 2106 3127
amyl 3455 3651
anew 763 3544
apod 1527 2527
arch 2109 3453
army 2111 3663
arty 1528 3662
atma 2525 3445
avow 2526 2997
azan 2103 3003
bedu 523 2532
biog 2117 2337
blin 1918 3240
brrr 905 2332
brux 3008 3481
bubo 350 3468
buhr 905 3469
buoy 1354 2769
ceca 1930 3244
cedi 2126 2545
chez 1926 3473
ciao 2128 3896
cobb 96 2554
coho 3016 3241
croc 1747 2137
cusp 911 2139
cyma 1931 3250
deco 1372 3255
dhow 1305 2548
didy 2788 3187
dojo 3489 3559
drys 37 1753
duty 1940 3492
easy 1208 1949
echo 3495 3692
echt 3495 3691
eddy 3496 3864
effs 3695 3778
efts 661 3694
eggy 2798 3496
egis 2798 3268
elmy 3034 3699
emmy 3698 3890
esne 2802 3507
etch 3031 3737
eths 3271 3866
exec 1950 3036
exit 2800 3497
exon 3001 3862
eyra 2375 3509
fief 2621 3327
foci 2862 3284
fohn 2812 3746
friz 2170 2171
fumy 3048 3049
gnus 2327 3128
gogo 2826 2863
guid 2186 2457
gyri 1965 3068
haaf 2602 3069
hadj 804 3718
hajj 3717 3882
hebe 679 1971
high 2691 3771
hisn 1243 1606
hoax 2399 3479
huge 685 1993
hyla 2836 3075
icon 3728 3736
idle 3534 3893
idyl 3887 3913
ikon 3725 3736
imid 2105 3088
inby 3084 3311
info 3085 3734
inia 3082 3739
inns 1790 3310
inro 3085 3731
inti 3085 3227
iron 3725 3728
itch 3701 3892
item 2703 3533
ixia 3082 3732
izar 3413 3484
jagg 232 2900
jato 2781 2903
jaup 3313 3636
jivy 1980 3616
joey 813 3319
john 3318 3709
judo 3755 3897
juku 1981 3898
kaon 1101 1612
kayo 298 3106
kbar 3098 3333
keir 2963 3071
kepi 1251 2414
khaf 1984 3326
kudo 3747 3756
kudu 3755 3757
kuru 3756 3880
kyak 3333 3548
lehr 302 1426
leku 1798 2856
maar 1808 3069
maxi 2867 3614
meou 3344 3903
mhos 113 3801
mien 1990 2595
migg 240 3563
muni 708 2232
myna 1635 1639
naoi 2642 3905
nema 2438 3463
nigh 2691 3720
nixy 2890 3117
nogg 583 3526
noir 2010 3247
noun 1648 2238
nowt 312 2875
odah 2879 3786
offs 3122 3694
ogre 3580 3581
ohia 2546 3576
okay 2880 3914
only 3084 3125
onos 1449 3128
oohs 713 1450
ooze 1574 3354
opah 3586 3777
orby 2883 3922
orca 3130 3789
orra 3788 3916
orzo 3921 3928
otic 3508 3912
oval 3586 3588
oyez 313 2653
phiz 2443 2513
psis 1834 2443
ptui 3874 3931
pupu 594 2671
quod 2457 2898
razz 996 3894
rely 3384 3498
rhos 3764 3802
rhus 3186 3801
ritz 319 3259
ryot 1140 3602
sego 736 2909
sexy 2266 2787
shmo 2690 3610
shri 1683 2464
spry 1686 3936
sulu 2929 3555
tegg 627 3963
tepa 2290 2710
thru 2939 3947
thud 3186 3403
twos 1314 3410
udon 3817 3957
udos 2978 3816
unai 3819 3954
unci 3625 3818
undy 3197 3626
unit 1862 3545
upas 2054 3628
used 2953 3824
user 2953 3823
vatu 262 2853
veto 1169 3541
whoa 2738 3422
wych 2966 3341
wynn 2744 2970
yirr 2332 3427
yodh 1043 3639
yuan 1897 3519
yurt 1368 3077
zany 1511 2430
ziti 889 3406
zoea 2941 3213
abut 3648
agha 3445
agio 2981
agog 2753
ague 2101
alky 2986
also 3449
ammo 3656
apse 3846
arse 3845
arvo 3453
asea 3228
ashy 3649
atap 3456
atom 3456
auto 3449
axle 3214
ayah 3655
bevy 3551
buzz 3288
cwms 278
cyan 1362
dahl 1200
dhak 3256
eaux 3275
ebon 3705
ecus 3501
eddo 3693
edge 3496
edhs 3702
egad 3868
egal 3867
else 1949
emeu 2372
enol 3504
ergo 2573
erst 1208
etui 3796
euro 3030
fizz 3288
fugu 545
fuji 3284
gaol 937
guru 3757
haha 1783
haji 3718
hwan 2288
ibex 3307
ichs 3080
icky 3311
idol 3727
iggs 2798
ikat 1857
immy 3699
impi 3536
inch 3737
isle 3726
jazz 3799
jefe 2608
jiao 3678
juco 3747
juju 3748
knee 3544
knur 3098
kohl 3546
luau 3555
meow 3763
muon 704
nazi 3769
nevi 3571
nisi 3116
numb 3493
obey 1448
oboe 3911
obol 3910
odic 3791
odyl 3727
ofay 3781
okeh 1280
okra 3789
oldy 3126
olio 3582
olla 2651
onyx 3924
ordo 3790
orgy 3787
orle 3581
oryx 3920
osar 3619
otto 3585
ouph 3356
ouzo 3790
oxid 3930
oxim 3929
pfui 3796
poem 3365
pyic 3145
quey 3371
rhea 3158
scry 3809
semi 2264
shwa 3158
sign 2691
sizy 2272
snye 3943
stir 2057
stye 3941
syli 2698
sync 2066
syph 2923
thou 3813
tsks 3230
tutu 510
ugly 3444
ulna 3952
ulva 3951
umbo 3656
unau 3818
unbe 3626
updo 3197
upon 3816
ursa 3627
uvea 3627
void 2864
whys 164
xyst 3251
yegg 3811
yeti 3637
ywis 3537
zarf 2114
zyme 3250
abri
adze
ahoy
amok
ankh
aqua
arak
asci
auld
awol
djin
ebbs
ecru
elhi
emyd
enuf
envy
epee
epha
espy
etna
evil
exam
expo
huic
hymn
iffy
iglu
imam
isba
isms
jehu
jeux
jism
kagu
kiwi
klik
koji
kufi
lwei
lynx
naan
odor
ogam
ohms
once
ossa
ovum
owse
pfft
plie
skua
sybo
tahr
ughs
upby
urge
uric
weka
ylem
zebu
zoic
